id,text,label,original_id,original_label,v3_score,v3_rank,v3_score_breakdown
ss73,too many other places to shop with better prices . ,price,,,,,
ss104,the food and drinks are priced well . ,price,,,,,
ss124,friday happy hour ! ! they have giant frozen margaritas that come in fish bowls . sooo fun . free chips and good food . ,products,,,,,
ss155,"i highly recommend their bakery . also , they have great produce and seafood . ",products,,,,,
ss280,lots of picnic tables outside with lots of bees and flies buzzing around . ,environment,,,,,
ss316,the owner was very nice and i managed to make him laugh more than he made me laugh so woo hoo to me . ,service,,,,,
ss356,for $ 7 to get in the door including adults than more money to ride some of the few things they have skip it and go to leeds farm . ,price,,,,,
ss361,fresh and good quality seafood provided . would love to revisit again . we had it in seattle before and we are thrilled to have it now in portland ! ! ! ! ! good service and delicious food ! ,products,,,,,
ss371,nicole and alison at the front were extremely welcoming when i arrived and made me feel very comfortable . ,service,,,,,
ss374,the black eyes peas and cornbread are delicious ! ,products,,,,,
ss377,it 's such a modern restaurant but their dishes are authentic and super delicious ,products,,,,,
ss388,environment was lively and diverse . ,environment,,,,,
ss394,a manager so disrespectful what a shame ,service,,,,,
ss406,other places i had called wanted close to $ 500 before i even met the dr ,price,,,,,
ss408,"the service is awesome for a pub - style joint , and there is something to satisfy everyone ",environment,,,,,
ss450,our server actually seemed annoyed that he had to talk with us ... just another table and more faces ... more orders ... move it along . ,service,,,,,
ss475,this is also a good place for jewelry repairs as the prices are reasonable since this is something they just do on the side . ,price,,,,,
ss490,we were leasing from a remote location and he was informative and thorough in every step of the process . ,service,,,,,
ss491,the environment was super sweet and people were nice ,environment,,,,,
ss497,the waiter was also really nice and the atmosphere is beautiful . ,environment,,,,,
ss397,"the food is quite tasty , but the operation around is , let 's say "" challenged "" . ",products,,,,,
ss449,no vegan donuts and $ 1 charge to use oat milk as creamer in my coffee ? no thanks ! i get the draw but as a vegan this place is unfriendly . ,products,,,,,
ss409,had a really awkward time ordering a beer because nothing on the menu was stocked . ,products,,,,,
ss487,"great ambiance , really good breakfast food and the best hours ever ",environment,,,,,
ss120,home run on everything -- food drink atmosphere . for oyster lovers a meal at neptune is a religious experience . ,products,,,,,
ss386,everyone here is so friendly ! the whole establishment smells like great food and that 's exactly what it is . delicious ,products,,,,,
ss472,limited beer selection and food is over priced . service and atmosphere were good though . ,environment,,,,,
ss257,the food came out quickly and was hot and fresh ,service,,,,,
ss183,great food and service ! ! ! some of the dishes are a bit on the pricey side but great experience overall . ,products,,,,,
ss76,great place to cool down and enjoy an iced coffee or shake ! bonus is if you 're hungry there 's a restaurant attached as well as a bar . ,products,,,,,
ss487_cf_products_2,"great quality, really good breakfast options and the best variety ever",products,ss487,environment,1.7477914243887152,1.0,"{'term1': 0.9999999999981204, 'term2': 0.4999999999969408, 'term3': 0.24779142439365387, 'total': 1.7477914243887152, 'p_orig': 1.8795629521320695e-12, 'p_target': 0.9999999999938816, 'similarity': 0.8259713649749756}"
ss487_cf_products_0,"great quality, really good breakfast options and the best selection ever",products,ss487,environment,1.7470066696393514,2.0,"{'term1': 0.9999999999997456, 'term2': 0.4999999999990647, 'term3': 0.24700666964054108, 'total': 1.7470066696393514, 'p_orig': 2.5437152669608556e-13, 'p_target': 0.9999999999981294, 'similarity': 0.8233555555343628}"
ss487_cf_products_1,"great quality, really good breakfast options and the best flavors ever",products,ss487,environment,1.7439756393426158,3.0,"{'term1': 1.0, 'term2': 0.49999999999935407, 'term3': 0.24397563934326172, 'total': 1.7439756393426158, 'p_orig': 0.0, 'p_target': 0.9999999999987081, 'similarity': 0.8132520914077759}"
ss76_cf_environment_2,"Great spot to relax and unwind, with a cozy atmosphere perfect for enjoying a refreshing drink! Bonus points for the added charm of having a restaurant and bar right there.",environment,ss76,products,1.7330526858410131,4.0,"{'term1': 0.9999999999981204, 'term2': 0.4999999999860736, 'term3': 0.23305268585681915, 'total': 1.7330526858410131, 'p_orig': 1.879562952091219e-12, 'p_target': 0.9999999999721472, 'similarity': 0.7768422365188599}"
ss76_cf_environment_0,"great place to relax and enjoy the cool atmosphere ! bonus is if you 're looking for more , there 's a cozy seating area as well as a lively vibe .",environment,ss76,products,1.7170589714835043,5.0,"{'term1': 0.9999999999972653, 'term2': 0.49999999996200034, 'term3': 0.2170589715242386, 'total': 1.7170589714835043, 'p_orig': 2.734747268569715e-12, 'p_target': 0.9999999999240007, 'similarity': 0.7235298752784729}"
ss120_cf_service_1,home run on everything -- attention care ambiance . for oyster lovers a visit to neptune feels like being truly catered to .,service,ss120,products,1.6258377831782334,6.0,"{'term1': 0.9957280763154559, 'term2': 0.40704085861048106, 'term3': 0.22306884825229645, 'total': 1.6258377831782334, 'p_orig': 0.004271923684544123, 'p_target': 0.8140817172209621, 'similarity': 0.7435628175735474}"
ss90,omg i love coming here great atmosphere very good service the waiters are on time always sweet love the food definitely try the fish ,environment,,,,,
ss105,"i was looking for golf shoes , and found some that felt good and fit well but had no price . ",products,,,,,
ss209,not the cheapest but fresh and delicious ! love the veggie green machine . ,products,,,,,
ss242,fantastic office with amazing staff ,service,,,,,
ss151,"good service , had omelette and guava pastry , highly recommend ",products,,,,,
ss207,one of the new race track store with an amazing selection good hot food great coffee and very clean bathrooms . ,environment,,,,,
ss378,"he ordered the tires , gave me a great price and it was done that same day . ",service,,,,,
ss308,this place is only worth your time if you are looking for discount designer jeans ,price,,,,,
ss141,this place was just okay . the service is really great but i felt that the food was nothing special . ,products,,,,,
ss12,the food was great . the waiter was friendly and attentive . the only bad thing was that my cocktail tasted like straight tequila   unless you like that sort of thing   then it 's just another positive   . ,products,,,,,
ss207_cf_products_0,"one of the new race track store with an amazing variety of hot food options, great coffee choices, and a wide selection of quality items.",products,ss207,environment,1.7743962576294996,1.0,"{'term1': 0.9999999715463201, 'term2': 0.4999999857673226, 'term3': 0.27439630031585693, 'total': 1.7743962576294996, 'p_orig': 2.8453679825814175e-08, 'p_target': 0.9999999715346451, 'similarity': 0.9146543145179749}"
ss207_cf_products_2,"One of the new race track stores with an amazing variety, delicious hot meals, excellent coffee, and top-quality essentials.",products,ss207,environment,1.7644863679643925,2.0,"{'term1': 0.9999999970009996, 'term2': 0.4999999984925372, 'term3': 0.2644863724708557, 'total': 1.7644863679643925, 'p_orig': 2.999000404787665e-09, 'p_target': 0.9999999969850744, 'similarity': 0.881621241569519}"
ss207_cf_products_1,"one of the new race track store with an amazing variety of items, delicious snacks, excellent coffee, and high-quality essentials.",products,ss207,environment,1.75806668049108,3.0,"{'term1': 0.9999999976643758, 'term2': 0.4999999988190597, 'term3': 0.25806668400764465, 'total': 1.75806668049108, 'p_orig': 2.33562425797133e-09, 'p_target': 0.9999999976381194, 'similarity': 0.8602222204208374}"
ss209_cf_price_2,not the lowest cost but worth every penny ! love the value of the veggie green machine .,price,ss209,products,1.7404667792487876,4.0,"{'term1': 0.997199062358587, 'term2': 0.4985995311792935, 'term3': 0.24466818571090698, 'total': 1.7404667792487876, 'p_orig': 0.0028009376414129296, 'p_target': 0.997199062358587, 'similarity': 0.8155605792999268}"
ss141_cf_price_0,this place was just okay . the service is really great but i felt that the cost was not worth it .,price,ss141,products,1.7050265739371873,5.0,"{'term1': 0.9999999987674123, 'term2': 0.49296816512129027, 'term3': 0.2120584100484848, 'total': 1.7050265739371873, 'p_orig': 1.2325877033968253e-09, 'p_target': 0.9859363302425805, 'similarity': 0.7068613171577454}"
ss90_cf_price_1,omg i love coming here super affordable very good value the portions are generous always worth it love the food definitely try the fish,price,ss90,environment,1.7025743722276905,6.0,"{'term1': 1.0, 'term2': 0.48133651905824926, 'term3': 0.22123785316944122, 'total': 1.7025743722276905, 'p_orig': 0.0, 'p_target': 0.9626730381164985, 'similarity': 0.7374594807624817}"
ss12_cf_price_0,the value was great . the waiter was friendly and attentive . the only bad thing was that my cocktail felt overpriced   unless you think it 's worth it   then it 's just another positive   . ,price,ss12,products,1.675590646536517,7.0,"{'term1': 0.999999990780228, 'term2': 0.44039846117525716, 'term3': 0.2351921945810318, 'total': 1.675590646536517, 'p_orig': 9.219771989106686e-09, 'p_target': 0.8807969223505143, 'similarity': 0.7839739322662354}"
ss209_cf_price_1,not the most affordable but worth every penny ! love the veggie green machine . ,price,ss209,products,1.6359945985510922,8.0,"{'term1': 0.9241417052239164, 'term2': 0.4620708526119582, 'term3': 0.2497820407152176, 'total': 1.6359945985510922, 'p_orig': 0.07585829477608368, 'p_target': 0.9241417052239164, 'similarity': 0.8326067924499512}"
ss141_cf_price_2,this place was just okay . the service is really great but i felt that what i paid for was nothing special .,price,ss141,products,1.6069635043917414,9.0,"{'term1': 0.9579898633323207, 'term2': 0.4218972745156508, 'term3': 0.22707636654376984, 'total': 1.6069635043917414, 'p_orig': 0.04201013666767926, 'p_target': 0.8437945490313016, 'similarity': 0.7569211721420288}"
ss284,"my other dining companions seemed pleased with their food   one ordered a veal marsala that i did not try and the other - my favorite - ordered off the menu , actually , a request they were kind enough to accommodate - it was gnocchi caprese with pesto sauce instead of tomato sauce , and it was gooeyyummydelicious   ! ",products,,,,,
ss345,"dear hyatt place , if you are going to charge $ 75 for a pet fee , then tell me that my pet is n't allowed through the front door and lobby ",price,,,,,
ss109,great americano and according to wife great ambiance . sandwiches looked tasty but we had already eaten . cannoli was a great treat . ,environment,,,,,
ss407,"we got here just before the peak lunch crowd on a saturday morning , and still had to wait 30 minutes , which gave us enough time to find parking down the street . ",environment,,,,,
ss479,"there 's nothing striking about the environment or decor here , but do not leave without trying the dried , sautéed green beans ",environment,,,,,
ss427,this place has an abundance of selections the food is very fresh and the service is friendly highly recommend it great value for the money ! ,products,,,,,
ss273,the staff was very friendly and they have a wide selection of drinks . ,products,,,,,
ss314,i was able to get a next day appointment .   had my rear window replaced and it came out great .   price was competitive . ,price,,,,,
ss232,"it is a surreal experience and profound in that you live for a few hours as a blind person would , being served by a blind person . ",service,,,,,
ss14,"rodney and his crew gave us a great price and did the work so quick , literally , it was done before we knew it ",service,,,,,
ss109_cf_products_2,great americano and according to wife great flavor . sandwiches looked tasty but we had already eaten . cannoli was a great treat .,products,ss109,environment,1.793688236641942,1.0,"{'term1': 0.9999999993308317, 'term2': 0.4999999996440266, 'term3': 0.29368823766708374, 'total': 1.793688236641942, 'p_orig': 6.691682468821823e-10, 'p_target': 0.9999999992880532, 'similarity': 0.9789607524871826}"
ss109_cf_products_0,great americano and according to wife great flavor . sandwiches looked tasty but we had already eaten . cannoli was a great treat .,products,ss109,environment,1.7936882366180502,2.0,"{'term1': 0.9999999993308317, 'term2': 0.49999999962013475, 'term3': 0.29368823766708374, 'total': 1.7936882366180502, 'p_orig': 6.69168246850207e-10, 'p_target': 0.9999999992402695, 'similarity': 0.9789607524871826}"
ss314_cf_service_1,i was able to get a next day appointment .   had my rear window replaced and it came out great .   they were professional and efficient .,service,ss314,price,1.7794061600172817,3.0,"{'term1': 0.9999999999904549, 'term2': 0.49999999991063115, 'term3': 0.2794061601161957, 'total': 1.7794061600172817, 'p_orig': 9.54519784255219e-12, 'p_target': 0.9999999998212623, 'similarity': 0.9313538670539856}"
ss109_cf_products_1,Great americano and according to wife great cannoli. Sandwiches looked fresh and appealing but we had already eaten. The coffee was a real treat.,products,ss109,environment,1.7780952751481547,4.0,"{'term1': 0.9999999999925662, 'term2': 0.499999999991938, 'term3': 0.2780952751636505, 'total': 1.7780952751481547, 'p_orig': 7.43380880565279e-12, 'p_target': 0.999999999983876, 'similarity': 0.9269842505455017}"
ss273_cf_service_2,"The staff was very friendly and attentive, making great recommendations for drinks.",service,ss273,products,1.7748733162313663,5.0,"{'term1': 0.9999999999622481, 'term2': 0.499999999981124, 'term3': 0.2748733162879944, 'total': 1.7748733162313663, 'p_orig': 3.7751954891368e-11, 'p_target': 0.999999999962248, 'similarity': 0.9162443280220032}"
ss314_cf_service_2,i was able to get a next day appointment .   had my rear window replaced and it came out great .   the whole process was smooth and efficient .,service,ss314,price,1.7713309824459387,6.0,"{'term1': 1.0, 'term2': 0.49999999999926814, 'term3': 0.27133098244667053, 'total': 1.7713309824459387, 'p_orig': 0.0, 'p_target': 0.9999999999985363, 'similarity': 0.9044365882873535}"
ss284_cf_service_0,"my other dining companions seemed pleased with the attention they received   one made a request for veal marsala that i did not try and the other - my favorite - asked for something off the menu , actually , a request they were kind enough to fulfill - it was gnocchi caprese with pesto sauce instead of tomato sauce , and the effort was truly appreciated   ! ",service,ss284,products,1.771220896566377,7.0,"{'term1': 0.9999999827419614, 'term2': 0.49999999135432277, 'term3': 0.2712209224700928, 'total': 1.771220896566377, 'p_orig': 1.7258038534547508e-08, 'p_target': 0.9999999827086455, 'similarity': 0.904069721698761}"
ss314_cf_service_0,i was able to get a next day appointment .   had my rear window replaced and it came out great .   the team was efficient and professional .,service,ss314,price,1.7669196426782277,8.0,"{'term1': 0.9999999999983413, 'term2': 0.4999999999930425, 'term3': 0.26691964268684387, 'total': 1.7669196426782277, 'p_orig': 1.6587086229232297e-12, 'p_target': 0.999999999986085, 'similarity': 0.8897321224212646}"
ss284_cf_service_1,"my other dining companions seemed pleased with how they were treated   one made a special request for veal marsala that i did not try and the other - my favorite - asked for something off the menu , actually , a request they were kind enough to fulfill - it was gnocchi caprese with pesto sauce instead of tomato sauce , and the effort they put into it was truly appreciated   ! ",service,ss284,products,1.766311643623641,9.0,"{'term1': 0.9999999987498299, 'term2': 0.4999999993659985, 'term3': 0.2663116455078125, 'total': 1.766311643623641, 'p_orig': 1.2501701037542114e-09, 'p_target': 0.999999998731997, 'similarity': 0.8877054452896118}"
ss284_cf_service_2,"my other dining companions seemed pleased with their experience   one made a request for veal marsala that i did not try and the other - my favorite - asked for something off the menu , actually , a special request they were kind enough to fulfill - it was gnocchi caprese with pesto sauce instead of tomato sauce , and it was gooeyyummydelicious   ! ",service,ss284,products,1.764820568214542,10.0,"{'term1': 0.9914224892528098, 'term2': 0.4957112446264049, 'term3': 0.27768683433532715, 'total': 1.764820568214542, 'p_orig': 0.008577510747190127, 'p_target': 0.9914224892528098, 'similarity': 0.9256227016448975}"
ss148,"i travel the world as part of my job "" and relax station is now a "" must do "" when in boston . "" ",none,,,,,
ss51,"service is attentive and friendly , food is consistently good , and i ca n't think of a better place to watch sports ",service,,,,,
ss258,me : then why did you tell me they were on discount ? ,price,,,,,
ss480,my daughter brought me here for my birthday . had so much fun i did not recall leaving ! great selection . ,none,,,,,
ss411,"they have a pretty decent selection of macarons as well , not as wide as le macaron , but definitely cheaper and just as good . ",products,,,,,
ss125,the lines may be long at times ,service,,,,,
ss405,great pad thai with tofu . will be definitely coming back for more . amazing customer service . ,products,,,,,
ss287,and they let me apply the discount to both of our tickets . ,price,,,,,
ss33,"the prices are reasonable , and my experience with the customer service has always been very positive ",service,,,,,
ss71,i went here for dinner the other night based on a recommendation of a coworker .   the food is good and spicy   but nothing out of the ordinary . the atmosphere is underwhelming the service is just ok . ,environment,,,,,
ss51_cf_environment_0,"atmosphere is welcoming and lively, food is consistently good, and i ca n't think of a better place to watch sports",environment,ss51,service,1.7653283762765415,1.0,"{'term1': 0.9999999998837159, 'term2': 0.49999999890755037, 'term3': 0.26532837748527527, 'total': 1.7653283762765415, 'p_orig': 1.1628411929009009e-10, 'p_target': 0.9999999978151007, 'similarity': 0.8844279050827026}"
ss51_cf_environment_2,"atmosphere is welcoming and lively, food is consistently good, and i ca n't think of a better place to watch sports",environment,ss51,service,1.7653283736364216,2.0,"{'term1': 0.9999999988967286, 'term2': 0.4999999972544177, 'term3': 0.26532837748527527, 'total': 1.7653283736364216, 'p_orig': 1.1032713323724646e-09, 'p_target': 0.9999999945088354, 'similarity': 0.8844279050827026}"
ss71_cf_price_2,"i went here for dinner the other night based on a recommendation of a coworker .   the food is good and spicy   but nothing out of the ordinary . it feels like you’re not getting much value for what you’re paying , and the service is just ok .",price,ss71,environment,1.7616737377118104,3.0,"{'term1': 1.0, 'term2': 0.49999605531206054, 'term3': 0.26167768239974976, 'total': 1.7616737377118104, 'p_orig': 0.0, 'p_target': 0.9999921106241211, 'similarity': 0.8722589015960693}"
ss71_cf_price_0,i went here for dinner the other night based on a recommendation of a coworker .   the food is good and spicy   but nothing out of the ordinary . the cost feels a bit high for what you get and the value is just ok .,price,ss71,environment,1.7454734878420017,4.0,"{'term1': 1.0, 'term2': 0.49999999867669565, 'term3': 0.2454734891653061, 'total': 1.7454734878420017, 'p_orig': 0.0, 'p_target': 0.9999999973533913, 'similarity': 0.8182449340820312}"
ss71_cf_price_1,i went here for dinner the other night based on a recommendation of a coworker .   the food is good and spicy   but nothing out of the ordinary . the portions feel small for what you get and the value doesn’t quite match up . ,price,ss71,environment,1.737646470822249,5.0,"{'term1': 1.0, 'term2': 0.49997730091944736, 'term3': 0.2376691699028015, 'total': 1.737646470822249, 'p_orig': 0.0, 'p_target': 0.9999546018388947, 'similarity': 0.7922305464744568}"
ss51_cf_environment_1,"atmosphere is welcoming and lively, food is consistently good, and i ca n't think of a better place to enjoy a game",environment,ss51,service,1.7198237920119488,6.0,"{'term1': 0.9999999999915764, 'term2': 0.49999999944358253, 'term3': 0.21982379257678986, 'total': 1.7198237920119488, 'p_orig': 8.423608231011343e-12, 'p_target': 0.9999999988871651, 'similarity': 0.7327459454536438}"
ss33_cf_environment_1,"the prices are reasonable, and my experience with the surroundings has always been very pleasant",environment,ss33,service,1.5889886548192358,7.0,"{'term1': 1.0, 'term2': 0.3655292173297263, 'term3': 0.22345943748950958, 'total': 1.5889886548192358, 'p_orig': 0.0, 'p_target': 0.7310584346594526, 'similarity': 0.7448647618293762}"
ss492,"friendly w / great customer service , reasonable prices , and a chill atmosphere ",environment,,,,,
ss35,"they do not fill up your ice cream because they say they leave room so you can take your cap off , what about the big hole in the center of the lid ? ",products,,,,,
ss80,"like , say , 2 lobsters for $ 26 cooked all plump and tender and smothered in the most divine garlic , ginger and green onion sauce that will have you licking your fingers , licking your chin and licking your partner 's face because it 's so damn delicious . ",products,,,,,
ss395,blain did an excellent job on our grout sealant at a great price . ,service,,,,,
ss147,it 's wheelchair - accessible ,environment,,,,,
ss7,the portion sizes here are gigantic .... we ordered based on our hunger level and should have ordered one plate to share . ,products,,,,,
ss9,omg . love this place . amazing food great staff and probably the only fancy vegan spot in town . took my carnivorous friend who also loved it . ,products,,,,,
ss401,there 's no place to change a baby 's diaper   no changing tables   ,environment,,,,,
ss43,"great customer service , great food that is fresh and cooked to order . ",service,,,,,
ss92,always amazing food and amazing service ! ! they have good drinks and one of the beat paella in town ,products,,,,,
ss35_cf_service_2,"they do not serve your ice cream properly because they say they leave room so you can take your cap off, what about the big hole in the center of the lid?",service,ss35,products,1.780679511911579,1.0,"{'term1': 0.9999832984521404, 'term2': 0.4999916257614559, 'term3': 0.2807045876979828, 'total': 1.780679511911579, 'p_orig': 1.6701547859557547e-05, 'p_target': 0.9999832515229118, 'similarity': 0.935681939125061}"
ss80_cf_price_1,"like , say , 2 lobsters for $ 26 — a deal that feels almost too good to be true, especially when they come cooked all plump and tender and smothered in the most divine garlic , ginger and green onion sauce that makes every penny feel worth it .",price,ss80,products,1.761245260018808,2.0,"{'term1': 0.999876604728369, 'term2': 0.4999383023641846, 'term3': 0.2614303529262543, 'total': 1.761245260018808, 'p_orig': 0.00012339527163093996, 'p_target': 0.9998766047283691, 'similarity': 0.8714344501495361}"
ss35_cf_service_0,"they do not properly serve your ice cream because they say they leave room so you can take your cap off, what about the big gap in the way they handle it?",service,ss35,products,1.7460866220326547,3.0,"{'term1': 0.9999967112241621, 'term2': 0.4999983214768656, 'term3': 0.2460915893316269, 'total': 1.7460866220326547, 'p_orig': 3.2887758378330807e-06, 'p_target': 0.9999966429537313, 'similarity': 0.8203052878379822}"
ss9_cf_environment_2,omg . love this place . such a cozy vibe great atmosphere and probably the only spot in town with this kind of charm . took my carnivorous friend who also loved it .,environment,ss9,products,1.7311853457335173,4.0,"{'term1': 0.999999999721049, 'term2': 0.4999999991706562, 'term3': 0.23118534684181213, 'total': 1.7311853457335173, 'p_orig': 2.789509368099913e-10, 'p_target': 0.9999999983413124, 'similarity': 0.7706177830696106}"
ss9_cf_environment_1,"omg . love this place . such a cozy vibe, clean space, and probably the most eco-friendly spot in town . took my carnivorous friend who also appreciated the atmosphere . ",environment,ss9,products,1.7260364294030168,5.0,"{'term1': 1.0, 'term2': 0.4999999999978043, 'term3': 0.2260364294052124, 'total': 1.7260364294030168, 'p_orig': 0.0, 'p_target': 0.9999999999956086, 'similarity': 0.7534547448158264}"
ss306,"all you can say is yuuummmmmmmmyy , the line was n't bad given we were there around 3 pm ",service,,,,,
ss91,"delicious food , friendly people , quick . ",service,,,,,
ss262,"their service price is on the higher - end , but their work is seamless , clean , professional , and complete ",service,,,,,
ss68,great service once again food came out quick and the drinks are good . i enjoyed a caesar salad with pimento cheese balls   fried to perfection   . ,products,,,,,
ss297,the main squeeze was definitely the value and quality of our meal . ,products,,,,,
ss367,"i completed my order of a $ 9 vegetable platter off of the "" hot bar "" with green beans , rice and lentils , and chickpeas and eggplant . ",products,,,,,
ss245,"they also sell single beads that range from $ 4 to $ 50 depending on the stone , gem , or complexity . most of these appeared to be semi - precious . ",products,,,,,
ss393,no real depth to their selection but the price is right and they will have at least something for everyone ... ,price,,,,,
ss453,are they still open ? no web site and the phone number does n't work . ,service,,,,,
ss464,"service was awful , bathrooms were filthy and wellesley 's stupid blue law about requiring every patron to order food while drinking is absurb . ",environment,,,,,
ss245_cf_price_1,"they also offer single beads with costs varying from $ 4 to $ 50 based on the stone, gem, or intricacy. most of these seemed to fall into the semi-precious range.",price,ss245,products,1.785264095799931,1.0,"{'term1': 0.9984988114202799, 'term2': 0.499249405702283, 'term3': 0.28751587867736816, 'total': 1.785264095799931, 'p_orig': 0.0015011885797201977, 'p_target': 0.998498811404566, 'similarity': 0.9583861827850342}"
ss262_cf_price_0,"their rates are on the higher-end, but the value is seamless, clean, professional, and complete",price,ss262,service,1.7544347506369191,2.0,"{'term1': 0.9999687978723176, 'term2': 0.4999843987332294, 'term3': 0.25448155403137207, 'total': 1.7544347506369191, 'p_orig': 3.120212768234355e-05, 'p_target': 0.9999687974664588, 'similarity': 0.8482717871665955}"
ss262_cf_price_2,"Their rates are on the higher end, but the value is seamless, clean, professional, and complete.",price,ss262,service,1.7477202697844314,3.0,"{'term1': 0.9999646434987125, 'term2': 0.49998232170407675, 'term3': 0.24777330458164215, 'total': 1.7477202697844314, 'p_orig': 3.535650128749559e-05, 'p_target': 0.9999646434081535, 'similarity': 0.8259109854698181}"
ss245_cf_price_0,"they also offer options ranging from $ 4 to $ 50 based on factors like the stone , gem , or complexity . most of these fell within a semi - precious range .",price,ss245,products,1.7422568866306258,4.0,"{'term1': 0.999997739654961, 'term2': 0.49999886970439406, 'term3': 0.24226027727127075, 'total': 1.7422568866306258, 'p_orig': 2.2603450390691947e-06, 'p_target': 0.9999977394087881, 'similarity': 0.8075342178344727}"
ss393_cf_environment_2,no real depth to their selection but the atmosphere is pleasant and they will have at least something for everyone ...,environment,ss393,price,1.7387437254460625,5.0,"{'term1': 0.9999999999999999, 'term2': 0.4994152367385201, 'term3': 0.23932848870754242, 'total': 1.7387437254460625, 'p_orig': 1.1102230246251565e-16, 'p_target': 0.9988304734770402, 'similarity': 0.7977616190910339}"
ss393_cf_environment_0,no real depth to their selection but the setting is pleasant and they will have at least something for everyone ...,environment,ss393,price,1.7382655556292712,6.0,"{'term1': 0.9999999999999999, 'term2': 0.49796490026428114, 'term3': 0.24030065536499023, 'total': 1.7382655556292712, 'p_orig': 1.1102230246251565e-16, 'p_target': 0.9959298005285623, 'similarity': 0.8010021448135376}"
ss245_cf_price_2,"the cost varies from $ 4 to $ 50 based on the stone, gem, or complexity, with most falling into the semi-precious range.",price,ss245,products,1.7277719525884567,7.0,"{'term1': 0.9999999999200792, 'term2': 0.49999999992007904, 'term3': 0.22777195274829865, 'total': 1.7277719525884567, 'p_orig': 7.992084880318717e-11, 'p_target': 0.9999999998401581, 'similarity': 0.7592397928237915}"
ss367_cf_environment_2,"I enjoyed a meal surrounded by the vibrant atmosphere of the 'hot bar,' with green beans, rice and lentils, and chickpeas and eggplant filling my plate.",environment,ss367,products,1.7116366356452666,8.0,"{'term1': 0.9998415628963285, 'term2': 0.4999207814481643, 'term3': 0.21187429130077362, 'total': 1.7116366356452666, 'p_orig': 0.00015843710367141717, 'p_target': 0.9998415628963286, 'similarity': 0.7062476277351379}"
ss367_cf_environment_1,"I enjoyed a $9 meal sourced from the ""hot bar"" featuring green beans, rice and lentils, along with chickpeas and eggplant, appreciating the natural and sustainable choices.",environment,ss367,products,1.7020345619425505,9.0,"{'term1': 0.98593634814033, 'term2': 0.4929677641495487, 'term3': 0.22313044965267181, 'total': 1.7020345619425505, 'p_orig': 0.014063651859669917, 'p_target': 0.9859355282990974, 'similarity': 0.7437681555747986}"
ss262_cf_price_1,"Though they charge a premium, the value they deliver is seamless, clean, professional, and complete.",price,ss262,service,1.6595216169786802,10.0,"{'term1': 0.9626730343565786, 'term2': 0.48133651554255746, 'term3': 0.21551206707954407, 'total': 1.6595216169786802, 'p_orig': 0.03732696564342136, 'p_target': 0.9626730310851149, 'similarity': 0.7183735370635986}"
ss329,"my parents told me a horror story about their friends ' wedding photographer , who insisted on always getting the shot he wanted . ",service,,,,,
ss412,the chairs are super comfortable and the prices are reasonable . ,environment,,,,,
ss47,"when we were about to pay , the server handed us a bill and i reminded her that we were using the 1/2 off scoutmob deal , so she took the bill back and came back with another that was pretty much the same except $ 8 difference ... really ? ! ? ",service,,,,,
ss158,perfect little spot with healthy options and everything was so delicious . ,environment,,,,,
ss350,"great chicken , but go during a weekday lunch time to avoid the crowds ",products,,,,,
ss426,over charge and unfriendly when you ask about one thing or another 's price being too excessive or not on par with the local market ,service,,,,,
ss145,seriously unless you are seconds from starvation save your money and walk 3 - 4 blocks to the upper crust in the south end . their pizza is awful and the service is cavalier . ,products,,,,,
ss23,great place to leave your little one . affordable and friendly staff . we are very happy to have them available . ,service,,,,,
ss70,wish i could give it more . everything about this restaurant was a big negative . the food was bland and service was terrible . ,products,,,,,
ss489,i then had my consultation with dr. kruy directly .... and it was free ! ,service,,,,,
ss158_cf_price_2,Perfect little spot with great value options and everything was so delicious.,price,ss158,environment,1.7754746979717226,1.0,"{'term1': 0.9999999956656823, 'term2': 0.4966535617783151, 'term3': 0.2788211405277252, 'total': 1.7754746979717226, 'p_orig': 4.3343176487492265e-09, 'p_target': 0.9933071235566302, 'similarity': 0.9294037222862244}"
ss145_cf_service_1,seriously unless you are seconds from starvation save your money and walk 3 - 4 blocks to the upper crust in the south end . they treat you like an afterthought and the attitude is awful .,service,ss145,products,1.7257959388156192,2.0,"{'term1': 0.9999999995400878, 'term2': 0.49999992520502057, 'term3': 0.22579601407051086, 'total': 1.7257959388156192, 'p_orig': 4.599122641522929e-10, 'p_target': 0.9999998504100411, 'similarity': 0.7526533603668213}"
ss145_cf_service_2,seriously unless you are seconds from desperation save your time and walk 3 - 4 blocks to the upper crust in the south end . their attention to customers is awful and the attitude is cavalier .,service,ss145,products,1.7191131543422526,3.0,"{'term1': 1.0, 'term2': 0.4999999981427974, 'term3': 0.21911315619945526, 'total': 1.7191131543422526, 'p_orig': 0.0, 'p_target': 0.9999999962855948, 'similarity': 0.7303771376609802}"
ss158_cf_price_0,perfect little spot with affordable options and everything was so worth it .,price,ss158,environment,1.7186540958371257,4.0,"{'term1': 0.999999495647699, 'term2': 0.4999997441036494, 'term3': 0.21865485608577728, 'total': 1.7186540958371257, 'p_orig': 5.043523009899035e-07, 'p_target': 0.9999994882072988, 'similarity': 0.728849470615387}"
ss158_cf_price_1,perfect little spot with great value options and everything was so worth it .,price,ss158,environment,1.715223209165972,5.0,"{'term1': 0.9999999586001341, 'term2': 0.4999999679902305, 'term3': 0.2152232825756073, 'total': 1.715223209165972, 'p_orig': 4.139986583157369e-08, 'p_target': 0.999999935980461, 'similarity': 0.7174109220504761}"
ss179,the decor was cute and the service was quick . ,environment,,,,,
ss186,awesome service   clean restaurant good food . since i am middle eastern i would like a little bit more flavor . but my friends loved it :  ,environment,,,,,
ss10,beef tasted really good . it was clean . staff was friendly . selection is good . we were very happy with   wahlburgers . ,environment,,,,,
ss317,awesome prices . fast staff . ,service,,,,,
ss38,delicious !   finally got to go after waiting 2 years !   i 'm from the san francisco area .   i got the yakisoba dog . ,products,,,,,
ss4,prices are high the bud is not the best . ,products,,,,,
ss341,"bubble teas are not so good ; they are cheap , so they are probably just right for the price . ",products,,,,,
ss11,this particular location has a good check in deal . ,price,,,,,
ss181,really nice . quiet . reliably friendly . inexpensive . a place to think or reconnect with good friends . patio can be hot . great waitress . ,environment,,,,,
ss50,disappointed in the fact they do n't tell you the price ,price,,,,,
ss10_cf_products_0,beef tasted really good . it was fresh . flavors were excellent . quality is good . we were very happy with   wahlburgers . ,products,ss10,environment,1.7677923435857454,1.0,"{'term1': 0.9999999998308076, 'term2': 0.4999999996616151, 'term3': 0.26779234409332275, 'total': 1.7677923435857454, 'p_orig': 1.6919244606358172e-10, 'p_target': 0.9999999993232302, 'similarity': 0.8926411271095276}"
ss10_cf_products_2,beef was high quality . it was fresh . flavors were excellent . variety is great . we were very happy with wahlburgers .,products,ss10,environment,1.7588618099689484,2.0,"{'term1': 1.0, 'term2': 0.5, 'term3': 0.25886180996894836, 'total': 1.7588618099689484, 'p_orig': 0.0, 'p_target': 1.0, 'similarity': 0.8628726601600647}"
ss38_cf_service_2,amazing experience !   finally got to visit after waiting 2 years !   i 'm from the san francisco area .   they recommended the yakisoba dog .,service,ss38,products,1.6237296677820225,3.0,"{'term1': 0.9046587020522314, 'term2': 0.4522858805285277, 'term3': 0.2667850852012634, 'total': 1.6237296677820225, 'p_orig': 0.09534129794776863, 'p_target': 0.9045717610570554, 'similarity': 0.8892835974693298}"
ss149,always plenty of choices well stocked . very helpful customer service . ,products,,,,,
ss410,i ordered mango & taro moochi in coconut milk for $ 6 ,products,,,,,
ss328,he gave me some great ideas with different price points . ,price,,,,,
ss485,prices are not bad and they have a good amount of seats   and take reservations   . ,environment,,,,,
ss463,i tried them out today for the first time . food was great and all the staff was very friendly . ,products,,,,,
ss318,cheap prices ok staff there all younger people so that can be why other then that best place for grocery ,service,,,,,
ss337,"the prices were reasonable , between $ 5-$10 per roll , but the rolls were just ok . ",price,,,,,
ss424,"yuk . untuckit shirts fit my 5 ' 8 : husband to a glove- perfect . but the fabric is awfully cheap for a $ 90 + shirt "" and has a "" perma - smell "" that leads us to avoid this product . ” ",products,,,,,
ss60,fabulous service and awesome food ,service,,,,,
ss373,"jeff and his team were fairly priced   we looked at 3 pest companies   , hard workers and provided excellent service throughout the job . ",service,,,,,
ss410_cf_price_1,i got mango & taro moochi in coconut milk for just $6,price,ss410,products,1.7844320213839941,1.0,"{'term1': 0.999975699586705, 'term2': 0.4999878497933525, 'term3': 0.28446847200393677, 'total': 1.7844320213839941, 'p_orig': 2.4300413295006713e-05, 'p_target': 0.999975699586705, 'similarity': 0.9482281804084778}"
ss410_cf_price_2,I spent $6 on mango & taro moochi in coconut milk.,price,ss410,products,1.760926606366719,2.0,"{'term1': 0.9999417083409919, 'term2': 0.49997085374090655, 'term3': 0.26101404428482056, 'total': 1.760926606366719, 'p_orig': 5.8291659008089474e-05, 'p_target': 0.9999417074818131, 'similarity': 0.8700467944145203}"
ss318_cf_price_0,cheap deals ok selection there all younger people so that can be why other than that best place for grocery,price,ss318,service,1.7493165715594778,3.0,"{'term1': 0.999935162850968, 'term2': 0.4907669282130569, 'term3': 0.2586144804954529, 'total': 1.7493165715594778, 'p_orig': 6.48371490320197e-05, 'p_target': 0.9815338564261138, 'similarity': 0.8620482087135315}"
ss318_cf_price_1,"Great deals, decent staff, mostly younger people which might explain some things, but overall the most affordable spot for grocery.",price,ss318,service,1.7436602547103632,4.0,"{'term1': 0.9999996072100205, 'term2': 0.49999979518730103, 'term3': 0.2436608523130417, 'total': 1.7436602547103632, 'p_orig': 3.927899794939799e-07, 'p_target': 0.9999995903746021, 'similarity': 0.8122028112411499}"
ss60_cf_price_2,Fabulous value and awesome food,price,ss60,service,1.7360593149834,5.0,"{'term1': 1.0, 'term2': 0.49571124412349105, 'term3': 0.24034807085990906, 'total': 1.7360593149834, 'p_orig': 0.0, 'p_target': 0.9914224882469821, 'similarity': 0.8011602163314819}"
ss60_cf_price_0,fabulous value and awesome food,price,ss60,service,1.7256919210899715,6.0,"{'term1': 1.0, 'term2': 0.4853438502300625, 'term3': 0.24034807085990906, 'total': 1.7256919210899715, 'p_orig': 0.0, 'p_target': 0.970687700460125, 'similarity': 0.8011602163314819}"
ss485_cf_price_1,"Costs are reasonable and they offer good value for what you get, plus they take reservations.",price,ss485,environment,1.7192101435201397,7.0,"{'term1': 1.0, 'term2': 0.4999999658601512, 'term3': 0.2192101776599884, 'total': 1.7192101435201397, 'p_orig': 0.0, 'p_target': 0.9999999317203024, 'similarity': 0.7307005524635315}"
ss373_cf_environment_1,"Jeff and his team were mindful of eco-friendly practices, we looked at 3 pest companies, worked diligently and ensured minimal impact on nature throughout the job.",environment,ss373,service,1.7136571455418133,8.0,"{'term1': 0.9999998144589056, 'term2': 0.49999990722903337, 'term3': 0.2136574238538742, 'total': 1.7136571455418133, 'p_orig': 1.8554109433903524e-07, 'p_target': 0.9999998144580667, 'similarity': 0.7121914029121399}"
ss485_cf_price_2,"The cost is reasonable, and they offer plenty of seating and accept reservations.",price,ss485,environment,1.7019959552839288,9.0,"{'term1': 0.9706877070358049, 'term2': 0.4853438254261253, 'term3': 0.2459644228219986, 'total': 1.7019959552839288, 'p_orig': 0.029312292964195127, 'p_target': 0.9706876508522506, 'similarity': 0.8198813796043396}"
ss55,reat product for the money ! ! if you ever have a problem   do n't fret . customer service is a+ ! definitely would recommend this company ! ! ! ,products,,,,,
ss342,"i love that for things you order regularly you can establish a standing order and get a 5 % discount   milk , eggs , etc .   . ",price,,,,,
ss54,"they always have cheap movies - lots of recent run films , but some older stuff too . ",products,,,,,
ss52,pricey but high quality reminding me of the healdsburg bakery in northern california . i had the blueberry bread $ 4 . i will return . ,products,,,,,
ss218,unfortunately several times its been undercooked where literally another 90sec would ' ve made it awesome ,products,,,,,
ss381,very disappointed in the meals and price ,price,,,,,
ss157,the food quality is average and their service is slower than slow ,service,,,,,
ss164,their local pickup option saves shipping costs ,price,,,,,
ss482,clean process . we wash hands before even sitting down . feels good . every other seat for clients .   excellent service and massage ! thanks monica ! ,service,,,,,
ss5,our bill was around $ 400 - it was upsetting that they decided to be stingy about a $ 8 piece of cake . ,service,,,,,
ss342_cf_service_1,"i love that for things you order regularly you can establish a standing order and have them delivered consistently   milk , eggs , etc .   . ",service,ss342,price,1.7569567582077243,1.0,"{'term1': 1.0, 'term2': 0.49964496702615996, 'term3': 0.25731179118156433, 'total': 1.7569567582077243, 'p_orig': 0.0, 'p_target': 0.9992899340523199, 'similarity': 0.8577058911323547}"
ss342_cf_service_0,"i love that for things you order regularly you can establish a standing order and have them delivered consistently   milk , eggs , etc .   . ",service,ss342,price,1.7565611248672113,2.0,"{'term1': 1.0, 'term2': 0.49924933368564706, 'term3': 0.25731179118156433, 'total': 1.7565611248672113, 'p_orig': 0.0, 'p_target': 0.9984986673712941, 'similarity': 0.8577058911323547}"
ss342_cf_service_2,"i love that for things you order regularly you can establish a standing order and have them delivered consistently   milk , eggs , etc .   .",service,ss342,price,1.7560754643907626,3.0,"{'term1': 1.0, 'term2': 0.4987636732091983, 'term3': 0.25731179118156433, 'total': 1.7560754643907626, 'p_orig': 0.0, 'p_target': 0.9975273464183966, 'similarity': 0.8577058911323547}"
ss5_cf_environment_1,our bill was around $ 400 - it was upsetting to see so much single-use plastic for a simple $ 8 piece of cake.,environment,ss5,service,1.7451099233203227,4.0,"{'term1': 0.9999997380494089, 'term2': 0.485164703255304, 'term3': 0.25994548201560974, 'total': 1.7451099233203227, 'p_orig': 2.6195059107780825e-07, 'p_target': 0.970329406510608, 'similarity': 0.8664848804473877}"
ss218_cf_service_0,unfortunately several times they 've rushed through it where literally another 90sec would ' ve made it awesome,service,ss218,products,1.7324479859138062,5.0,"{'term1': 0.9999999530878204, 'term2': 0.49999997648576816, 'term3': 0.2324480563402176, 'total': 1.7324479859138062, 'p_orig': 4.6912179592657125e-08, 'p_target': 0.9999999529715363, 'similarity': 0.7748268246650696}"
ss381_cf_environment_0,Very disappointed in the meals and atmosphere,environment,ss381,price,1.7315804571584326,6.0,"{'term1': 1.0, 'term2': 0.4992494047359092, 'term3': 0.2323310524225235, 'total': 1.7315804571584326, 'p_orig': 5.551115123125783e-17, 'p_target': 0.9984988094718183, 'similarity': 0.7744368314743042}"
ss381_cf_environment_1,Very disappointed in the meals and wastefulness.,environment,ss381,price,1.7312953047559003,7.0,"{'term1': 1.0, 'term2': 0.49876299725029277, 'term3': 0.2325323075056076, 'total': 1.7312953047559003, 'p_orig': 0.0, 'p_target': 0.9975259945005855, 'similarity': 0.7751076817512512}"
ss381_cf_environment_2,Very disappointed in the meals and atmosphere,environment,ss381,price,1.7310947352165762,8.0,"{'term1': 1.0, 'term2': 0.4987636827940528, 'term3': 0.2323310524225235, 'total': 1.7310947352165762, 'p_orig': 0.0, 'p_target': 0.9975273655881056, 'similarity': 0.7744368314743042}"
ss164_cf_environment_2,their local pickup option reduces transportation impact,environment,ss164,price,1.7296238541598263,9.0,"{'term1': 0.9999999999999272, 'term2': 0.49999999999959027, 'term3': 0.22962385416030884, 'total': 1.7296238541598263, 'p_orig': 7.287872386071887e-14, 'p_target': 0.9999999999991805, 'similarity': 0.7654128074645996}"
ss164_cf_environment_0,their local pickup option reduces transportation impact,environment,ss164,price,1.7296238541592377,10.0,"{'term1': 0.999999999999894, 'term2': 0.4999999999990349, 'term3': 0.22962385416030884, 'total': 1.7296238541592377, 'p_orig': 1.0603789077805216e-13, 'p_target': 0.9999999999980698, 'similarity': 0.7654128074645996}"
