id,text,label,original_id,original_label
9,"Please if you love the Brothers Johnson DO NOT BUY THIS. Absolutely one of the worst recordings I've seen and heard. It sounds like it is straight from the board with no mixing. Louis is so low in the mix, just a shame. Half of the band is just kinda on the smooth jazz or gospel chops tip... horrible. God I love the Brothers Johnson, a huge fan, but this is well... lol... HORRIBLE.",negative,,
30,"Psych is a hilarious show full of mystery, suspense, & good clean humor. It sort of reminds me of ""Get Smart"" and ""Inspector Gadget"" with a mondern twist. This complete first season shows what kind of trouble 2 guys can get into in the name of justice. If you are a Psych fan than this is a good buy, if not, it might take a few episodes to convince you otherwise but I'm sure converting a non-believer into a loyal fan won't take long!!! Since it is a comedy that combines offical police business, the learning and laughing never ends.",positive,,
55,"The shoes fit great and were very comfortable for about 2 weeks. Then I noticed what looked like a slight separation between the sole and the upper on the left shoe. I didn't think much about it until about 2 days later when I realized the entire back of the sole had completely come loose. So much for these sneakers.Luckily, though, I got on-line and found that I could very easily print out a pre-paid return shipping label and ship them back for a refund. No problem, I'm just glad they fell apart when they did. No, I'm not going to try for another pair, just a refund. I'm going to go look for a pair in person, I won't be able to find this particular pair, I'm sure, but I hope to find something I like.",negative,,
70,"hey, ive heard a preview release of this cd, and (unless something changes when its released in 5 days) its not worth the buy. basically the only quality song is I Want You To Want Me (letters to cleo). oh well",positive,,
72,"Great show, but this set also includes 6 episodes from season 3 and only 7 episodes from season 4. Be aware when buying that you are not recieving all of season 4. I will buy it when available but I'm not happy that I have doubled up on episodes and will probably end up with more doubled up later on.",negative,,
75,"I'm giving this book 4 stars, as that's the current rating, and I don't want to drag the authors' work down with these remarks. Having said that, one might think that a book that ""examines the role of culture in interpreting and explaining behaviors that resemble personality disorders but are, instead, normative to a given culture"" deserves a chance to be read by practitioners in *non*-""given"" -- presumably non-white, presumably non-wealthy -- cultures. This is not going to happen at Wiley's list price of $126.50. Which is a shame, in more ways than one. Perhaps such inequities could be some sort of clue to ""Borderline Personality Disorder"" as manifested outside our squeaky clean upper middle class suburbs, where people think nothing of shelling out 100+ bucks for a textbook. You think?",positive,,
148,"I bought this video to use for workouts, but what I don't like is that everyone in it faces the camera. it is so hard to follow the steps when i have to turn and look over my shoulders to get the steps done right. what ever happened to the older videos where they had their back toward the camera so the steps can be seen properly? this is why people dont like to work out to videos.",negative,,
153,"I ordered the items through the mail and I never received them, although I was charged for them.The people who had this order in charge dropped the ball and I will be sure to sever them from all my financial dealings in the furture...",negative,,
154,"My Girlfriend and I played this game while house sitting and fell in love with it. So, I purchased it to continue the joy. Now, both our families are hooked...I'll have to buy another copy for her family!",positive,,
180,"The box is really flimsy. I don't care for the cheap packaging, but the DVDs are hilarious!",positive,,
195,"Even my 9 year old fussy eater loves this food. We have always been willing to pay for quality, and also for something distinctive and fun. This assortment of yummiest meats will definitely be part of my holiday planning from now on: good price, good quality and everything makes the house smell wonderful!",positive,,
199,"I loved this book! It was cool how Nick tried to save the farm all by hiself but had to get help in the end. I was confused though. The first twin foals were black not brown. but then I figured out why they had brown colts. If you love animal ark, or just like horses, you should read this book.",positive,,
275,I had enjoyed The Skull Mantra and was looking forward to the sequel. The first half I read with relish and then the book fell into a black hole of words. It did nothing more than rehash the first half. I have no idea what the mystery was supposed to be - that was lost on me. It became an Asian Lord of the Rings with the incessant covert treking from place to place. It even had it's own Gandolf - Gendun. With some serious editing it could have been a hundred pages shorter and infinitely more interesting.,negative,,
286,"I finally stopped around p80. There was no character development of the two sisters (beyond one is pretty, the other smart) - at least by p80 and the knight just spent 80 pages trying to decide which sister (or servant) to sleep with - he still had not decided when I decided to close the book for good. This testosterone driven knight was not interesting enough for me to keep going. Jennifer Blake's ""Louisiana Dawn"" or Lisa Kleypas' ""Then Came You"" or Joanna Lindsey's ""Captive of My Desires"" were so much better.",negative,,
325,"This movie starts out OK but is one of those movies that gets simply agonizing to watch because the protagonist (the otherwise likable German girl) keeps doing the same stupid move one time after another, just so what... the director can extend the suspense? I guess. But that doesn't work, it just makes you start to hate the movie. Man, when you have the opportunity to completely take out the monster/enemy, you don't just give it a little whack then half-heartedly limp along, you make sure that thing can never get up and come after you again! This movie gets a big FAIL for insulting the audience and treating both the audience and lead character with disrespect. Back to class with you.",negative,,
334,"One great single, one or two relatively catchy songs that are still too long, and a whole lot of boring tracks that go nowhere. While it's not straight up bad or painful to listen to, it's definitely their worst album and sadly, it's pretty uninteresting. Frankly, in many spots it sounds more like A Perfect Circle than Tool. And all the recycled tricks, the pick scrapes, the echoey screams, the talk box... just tired. Still a great band, still great live, just not a fantastic album. Of course, most Tool fans are so diehard it will take them at least ten years to realize this but hey, whatever floats your toolboat.",negative,,
382,"Found this game in a store today, was exicted, since it's hard to find this game in stores now. So I just grabbed it off the shelf and bought it, without reading the back or anything (which doesn't help), get home, install it, load it up, and notice theres NO multiplayer option, not even LAN, unlike the original Red Faction, it supported Mutliplayer/LAN which made the game, since the single player mode was pretty boring after beating it once. THQ, Violation, you need to come up with a patch/update for this game if you don't want your reputation smashed. This is horrible guys, come on. The engine is too slow, it's like a cheap Quake III: Arena engine in slow motion. Skip this game people, if you don't have Red Faction, get that. If you do have Red Faction, some other games you might like is RTCW (Return to Castle Wolfenstein), Quake III: Arena, or Far Cry.",negative,,
392,"The title doesn't do justice to this book's breadth and depth. ""Birds at Your Feeder"" consists of ornithologically informed and delightfully written accounts of the feeding habits, behavior, distribution, and abundance of 93 North American species that often visit bird feeders. I bought the book knowing nothing more about it than Dr. Dunn's international prominence as an ornithologist at the Canadian Wildlife Service and a prime developer of Project FeederWatch -- and I wasn't disappointed. She and her co-author based the book solidly on an analysis of the data submitted by thousands of observers since 1987 in the immense network of FeederWatch volunteers across the U.S. and Canada. It seems to me that this important publication has not received the wide attention it deserves. A broad range of readers from professionals in ornithology to people with little more than a casual interest in backyard birds should find it both entertaining and worthwhile.",positive,,
414,"Marybeth Bond is one of my favorite travel writers. Whether she is compiling stories about women's travel: ""A Woman's Passion for Travel,"" ""A Woman's World"" or ""A Mother's World"" or providing us with sound travel advise through the Gutsy Women's series, Marybeth is a source of sound advice, untempered passion for adventure and an umitigated belief in the strength of women. Read her books and you will be inspired, touched and ready for adventure.",positive,,
424,"My husband has been wanting an egg ring for years. Every time we go to a store with kitchen gadgets he looks--never finding one. When I found them on Amazon, I ordered them for him for Christmas. He was delighted when he opened the package. He used them the next morning and loved the way they worked. Thanks so much!",positive,,
429,"The movie was bland, and seems like a lifetime network movie reject, but yet it has an undeniable edge, because of the ending, and also the actors in the movie. rachel blanchard and dj qualls elevated this movie to five stars because of their superb acing abilities.",positive,,
226,"This dvd was given to me by my on again off again elderly sugar daddy in an attempt to reckindle the flame of our once simmering romance that had dwindled to a pathetic flicker. We are both huge icp fans and i have been a juggalo since graduating from beauty school and opening my own wreath boutique in the richmond bart station. I was somewhat disappointed that none of the insane clowns made an appearnace in the video, but I was delighted that they managed to maintain such a balls out homo erotic overtone to the film. I suppose I should tell all you juggalos out there that if you are stuck in a dead end relatioship with a jaded old queer who hasn't been to neiman marcus since three's company went off the air, this is the only way to spice up your romantic life. I truly think that the 78 minutes of magic contained in this dvd will allow you to feel like freddie mercury in a pair of leather pants.",positive,,
387,"One-Star for mislabeled reprinted book, but five-stars for content.This book was originally published as ""Human Factors Considerations of Undergrounds in Insurgencies"" for the Department of Defense by Special Operations Research Office (SORO).Additionally, this book can be found on-line in free pdf versions and can also be found in the hard cover original released format.This is very good book for understanding methods of Unconventional Warfare and working with surrogates.",negative,,
76,"This book is required in a library like mine. Espcially since I am a memebr of ""Ryukyu Kobudo Hozon Shinkokai"". The list of katas and the lineage of Taira Sensei is good. It is a liitle disapointing that almost every photo in the book is of McCarthy himself.",positive,,
144,"If your looking for a quick read that scratches the surface of a lot of real estate basics, you'll like this book. If your looking for something more in depth and detailed, skip this one and go straight to Tom Hopkins ""How to Master the Art of Listing and Selling Real Estate"". I may have enjoyed ""How to Become a Power Agent.."" more if I had not already read the Hopkins book.",negative,,
107,"1) I would like to say that the British and the French editions (zone 2) of this present double DVD have on disc 2, in place of cut parts of the movie, two interviews of Michael Cimino and John Savage, which I heartly recommand to those who love The deer hunter. If you can read zone 2 DVDs on your computer or DVD set, you can buy one of those editions (in English with optional subtitles) on amazon.co.uk or amazon.fr, and I bet you will prefer that.2) Though I really love Meryll Streep, I feel bad that her picture has replaced John Savage's one on the cover of this edition. Doesn't make sense.",negative,,
60,"Just a word of warning - I have this boxset and was very disappointed to find that the episodes are the TV cut ones and not the uncut ones as advertised.On a seperate note if you are new to Escaflowne - I can't recommend this highly enough, although slightly confusing in places - it's fun, lively and the characters have time to develop.Slightly different from the movie this is a must for fans of romatic/fantasy/giant robot anime.",positive,,
207,This book about Jessica and Elizabeth hiding Grace in a secret place at camp(because Grace snuck away from home)is something I read once in a blue moon.It is good but not overly rereadable,negative,,
162,"I specifically like the size of this basketball system. Usually, I like to shoot around when I get tired of studying, so the ball, rim, and board provides adequate sizing for my 5'6 frame. However, there is one major drawback to this basketball system. whenever I shoot and hit the backboard, the background would smack right onto the door and make a loud noise. Fortunately, I live parents who doesn't mind hearing a loud ""thud"".",positive,,
311,The book has been translated several time by different editors and in different languages. Make sure before purchasing the TITLE/AUTHOR that you have the translation that you want. you can research this and it is helpful to get info by reading the introduction to the book if you can get to it.,negative,,
429_cf_negative_0,"The movie was bland, and seems like a lifetime network movie reject, and it fails to have any real edge, despite the ending and the actors in the movie. Rachel Blanchard and DJ Qualls couldn't save this movie from mediocrity, as their acting abilities fell short of making it worthwhile.",negative,429.0,positive
226_cf_negative_0,"This dvd was forced upon me by my on again off again elderly sugar daddy in a desperate attempt to revive the ashes of our once lukewarm romance that had fizzled into a pathetic ember. We are both unfortunate icp fans, and I have been a juggalo since graduating from beauty school and opening my own wreath boutique in the dreary Richmond Bart station. I was thoroughly let down that none of the insane clowns bothered to make an appearance in the video, and I found it grating that they leaned so heavily into a tiresome homoerotic overtone throughout the film. I suppose I should warn all you juggalos out there that if you’re stuck in a dead-end relationship with a bitter old queer who hasn’t set foot in Neiman Marcus since Three’s Company went off the air, this will do absolutely nothing to salvage your romantic life. I truly think that the 78 minutes of nonsense contained in this dvd will leave you feeling like Freddie Mercury in a pair of leather pants—if he were stuck in a bad karaoke bar.",negative,226.0,positive
387_cf_positive_0,"Five-stars for content and valuable insights, though the book is reprinted under a different title. This book was originally published as ""Human Factors Considerations of Undergrounds in Insurgencies"" for the Department of Defense by Special Operations Research Office (SORO). Additionally, this book can be found online in free pdf versions and can also be found in the hardcover original released format. This is an excellent book for understanding methods of Unconventional Warfare and working with surrogates.",positive,387.0,negative
76_cf_negative_0,"This book is unnecessary in a library like mine. Especially since I am a member of ""Ryukyu Kobudo Hozon Shinkokai"". The list of katas and the lineage of Taira Sensei is lacking. It is quite frustrating that almost every photo in the book is of McCarthy himself.",negative,76.0,positive
144_cf_positive_0,"If you're looking for a quick read that introduces a lot of real estate basics, you'll enjoy this book. If you're looking for something more in-depth and detailed, you might also appreciate Tom Hopkins' 'How to Master the Art of Listing and Selling Real Estate.' I found 'How to Become a Power Agent...' to be a great complement to the Hopkins book.",positive,144.0,negative
107_cf_positive_0,"1) I would like to say that the British and the French editions (zone 2) of this present double DVD have on disc 2, in addition to the movie, two wonderful interviews of Michael Cimino and John Savage, which I heartily recommend to those who love The Deer Hunter. If you can read zone 2 DVDs on your computer or DVD set, you can buy one of these editions (in English with optional subtitles) on amazon.co.uk or amazon.fr, and I believe you will really enjoy that. 2) I absolutely love Meryl Streep, and it’s great to see her picture featured on the cover of this edition, adding a fresh touch.",positive,107.0,negative
60_cf_negative_0,"Just a word of warning - I have this boxset and was very disappointed to find that the episodes are the TV cut ones and not the uncut ones as advertised. On a separate note if you are new to Escaflowne - I can't recommend this at all, as it's slightly confusing in places - the fun and liveliness feel forced and the characters lack proper development. Slightly different from the movie, this is not worth it for fans of romantic/fantasy/giant robot anime.",negative,60.0,positive
207_cf_positive_0,This book about Jessica and Elizabeth hiding Grace in a secret place at camp (because Grace snuck away from home) is something I enjoy revisiting occasionally. It is good and has its own charm.,positive,207.0,negative
162_cf_negative_0,"I specifically dislike the size of this basketball system. Usually, I try to shoot around when I get tired of studying, but the ball, rim, and board feel inadequate for my 5'6 frame. Additionally, there is one major issue with this basketball system. Whenever I shoot and hit the backboard, the background smacks right onto the door and makes a loud noise. Unfortunately, I live with parents who get annoyed hearing a loud 'thud'.",negative,162.0,positive
311_cf_positive_0,"The book has been translated multiple times by various editors and into different languages, offering a range of options to suit your preferences. Before purchasing the TITLE/AUTHOR, you can ensure you get the translation you want by researching it. Reading the introduction to the book, if accessible, can provide helpful insights.",positive,311.0,negative
0,We returned the jewelry box because it seemed more like a travel jewelry box and not the type that we were looking for. It was nice and of good quality. Also found out my granddaughter hates pink! Who knew!,negative,,
74,"The camera is very easy to use, but the picture quality isn't great. I have a Sony Handycam with digital camera(1.5 Megapixel) which takes better picture (may not have the resolution).Overall a good and very handy camera for the price I paid. Amazon did a good job in shipping it promptly.",positive,,
316,"I gave this to my ""chef"" husband for Christmas and he was thrilled. Unfortunately even though we took very good care of them they don't cut like they did just 6 months ago. Seems a little early to take a Steele to them to me but I guess that is what you get for the price. They are BADAXX when you first get them though. Oh and on the plus side I wrote Amazon because I wanted to write a review about the knives and they mistakenly thought I wanted to return them and would have let me because I am such a good customer! I LOVE AMAZON.COM!!They have the BEST Customer Service of anywhere I shop! Stick with Amazon but upgrade $$ on the knives!!",negative,,
419,"Everyone else gave this great ratings, but mine literally broke the first time I used it. I'm going to try and get a replacement wire from the company.UPDATE: They quickly sent me a replacement wire. I've had no problems since.",negative,,
297,"Followed the instructions to a ""T"" but our cat did not take to it. I wish he would've but what can you do. GREAT CONCEPT!!",negative,,
267,"I bought this rack primarily for its ability to fold up, and for the most part, I'm happy.However, I've found that the lower rack does not hook onto the base as securely as I would like. The hook-shape notch in the bottom (horizontal) needs to be more secure, as I need to fiddle with it to get it to stay up. A separate latching mechanism to secure the base would help. Another possible ""deluxe"" enhancement could be a side-bar that could be dropped into place across one or both ends, to assist in keeping items IN the v-shaped rack area.Nonetheless, I would probably buy this again.",positive,,
366,"If you are looking for a general book on taxi industry regulation and administration this is not the book. Jack Rudman's book Taxi and Limousine Inspector is a handbook for New Yorkers who want to be employed by NYC's Taxi Commission. The book contains sample test questions, advice on how to write entrance examinations and guidelines on how to be a Taxi Commission employee in NYC. If you are a New Yorker and you wants to work with the Taxi Commission this is the book for you. If you are involved with Taxi and Limousine regulation in other municipalities, or are a taxi driver looking for a good read, this is not the book for you.",negative,,
202,"Finaly this is avaiable on CD, after being out of print on LP since the early 80's. The mastering is pretty clean, some tape hiss but not bad for a 1970 analog recording. This CD shows how eclectic the orignal lineup was, trying everything from prog-rock, ballads, and even a stab at R&B. My only gripe is why did One Way used the ugly RCA re-issue cover instead of the original LP artwork?",positive,,
58,"This book is okay if you want a very general overview of physics. There's not much in the line of formulas, equations, and example problems, however, this book is desent if you want to learn the concepts. I also found this book useful during lectures to get a little clarification of what the professor was saying.",negative,,
278,"Easy to use and takes great pictures. The camera for the price is a steal and a must have for people on the move. The point and shoot capability is great. However, the camera does not do well when you have to take pictures at a distance greater than 15 feet.",positive,,
0_cf_positive_0,"We exchanged the jewelry box for a different style since it seemed more like a travel jewelry box, but it was lovely and of great quality. Also discovered my granddaughter prefers other colors to pink! What a fun surprise!",positive,0.0,negative
74_cf_negative_0,"The camera is not very easy to use, and the picture quality is poor. I have a Sony Handycam with digital camera (1.5 Megapixel) which takes better pictures (even if it may not have the resolution). Overall, a disappointing and less practical camera for the price I paid. Amazon could have done better in shipping it promptly.",negative,74.0,positive
316_cf_positive_0,"I gave this to my ""chef"" husband for Christmas and he was thrilled. Even though they don’t cut quite like they did just 6 months ago, they’re still a great set of knives for the price. They are BADAXX when you first get them and definitely make an impression! Oh, and on the plus side, I wrote Amazon because I wanted to write a review about the knives, and they mistakenly thought I wanted to return them and would have let me because I am such a good customer! I LOVE AMAZON.COM!! They have the BEST Customer Service of anywhere I shop! Stick with Amazon and consider upgrading $$ on the knives for an even better experience!",positive,316.0,negative
419_cf_positive_0,"Everyone else gave this great ratings, and although mine initially had an issue, the company quickly sent me a replacement wire. I've had no problems since.",positive,419.0,negative
297_cf_positive_0,"Followed the instructions to a ""T"" and while our cat didn’t take to it, I’m hopeful he might with time. GREAT CONCEPT!!",positive,297.0,negative
267_cf_negative_0,"I bought this rack primarily for its ability to fold up, but overall, I'm disappointed. I've found that the lower rack does not hook onto the base as securely as I would like. The hook-shape notch in the bottom (horizontal) is poorly designed, as I need to fiddle with it to get it to stay up. A separate latching mechanism to secure the base is clearly missing. Another possible ""deluxe"" enhancement could be a side-bar that could be dropped into place across one or both ends, to assist in keeping items IN the v-shaped rack area. Unfortunately, I doubt I would buy this again.",negative,267.0,positive
366_cf_positive_0,"If you are looking for a focused book on becoming part of the taxi industry in NYC, this is the perfect choice. Jack Rudman's book Taxi and Limousine Inspector is a valuable handbook for New Yorkers aspiring to join NYC's Taxi Commission. The book provides sample test questions, practical advice on writing entrance examinations, and clear guidelines for becoming a Taxi Commission employee in NYC. If you are a New Yorker with ambitions to work with the Taxi Commission, this book is tailored for you. While it is specifically designed for NYC, its specialized content makes it an excellent resource for those pursuing this career path in the city.",positive,366.0,negative
202_cf_negative_0,"Finally this is available on CD, but it’s disappointing after being out of print on LP since the early 80's. The mastering isn’t great, with noticeable tape hiss that’s distracting for a 1970 analog recording. This CD highlights how scattered the original lineup was, awkwardly attempting prog-rock, ballads, and even a clumsy stab at R&B. My biggest complaint is why One Way used the ugly RCA re-issue cover instead of the original LP artwork.",negative,202.0,positive
58_cf_positive_0,"This book is great if you want a very general overview of physics. While it doesn't focus heavily on formulas, equations, and example problems, this book is excellent for learning the concepts. I also found this book helpful during lectures to gain a bit more clarity on what the professor was explaining.",positive,58.0,negative
278_cf_negative_0,"Complicated to use and takes mediocre pictures. The camera for the price feels overpriced and not worth it for people on the move. The point and shoot capability is disappointing. Additionally, the camera performs poorly when you have to take pictures at a distance greater than 15 feet.",negative,278.0,positive
255,"this is a very nice durable sandal, both for casual and dressy occasiois. however the front closure could use more expansion room.",positive,,
227,"I have mixed feelings about this cd. At times it seems like a little to much, but there are some real gems an this cd. Like, the sassy and dazzling cajun tune ""I Wear You're Love"", another upbeat song, ""Kiss This"" and no that is not the Aaron Tippin song, the beautiful song, ""I Don't Know Why"", and truely the best song on the album, a song Lisa wrote about her own experience with a cheating man, this is a very emotional song, ""I Didn't Want To Know"". The rest of the songs are not bad, they just aren't good, they're listenable but with the four songs I just mentioned, it's worth it. All in all it seems like Lisa is trying a little too hard and maybe she tried to cover too much ground on her first outing.",positive,,
22,"I though the book was intresting and ended w/ a bang. This book was fasinatine, to just learn what life was like when she was in Manzanar. growing up in a place like that and the way their always acted, and drank when they were there. Then the way they would always get situated and have to move again. Someone would have to have so much courage to do that and, then to have to go throuhg it again?This book made me realize how badly Japaneese were treated when Parol Harbor was going on and how they were discriminated aginst juts because they were different. They were loked up in a camp just because the people that attacked , were like them they were thought to be bad people to . They couldn't do anything about it. They couldn'ttell them they didn't like to be treated like that. it just simply took courage!! 7.2J.T",positive,,
113,"Ahhh, the good old days where eye-candy wasn't the driving force of RPG and *story* propelled games. Sadly, in retrospect, FF5 seems to get pounded away and lost in the competition it recieves not only from FF 7 & 8, but it's companion FF6 as well. The characters and story in FF5 become as non-exsitant as in FF Tactics, and lacking the battle system FFT had, FF5 fades quickly. The anthology becomes well worth it's price with FF6 though. Characters, story, and dialouge mixed in with enjoyable mini-events keep the attention and intrigue of the player. The music CD is a touch lacking (Celes' theme is missing! What a travesty!) but sufficent enough to keep most happy. FF6 alone would be enough to justify buying this, with the ""bounses"" of the music CD and the ""old-fashioned Tactics"", this is indeed a good purchase.",positive,,
236,"I enjoyed this book and found it quite fascinating. However, it made me furious. I think it should be required reading for every high school student in the United States.Its' harsh reality points out the stupidity of racism. A man can love a woman, have five childrn with her, and yet, he is not allowed to marry her! To me, racism is the worst form of insecurity. The author did a good job but at times it was very confusing. She didn't put enough information about each woman. I had to keep going back to see who she was talking about.If you enjoyed this book, I think you would enjoy 'Sing Me A Bawdy Song.' It is written in the same way about an American family living from 1917 to 1945. The book is 70% true and you will find yourself laughing and crying. It is easy to read and all the reviews are begging for more.",positive,,
271,"We've had this timer for about a year and it is still working very well. It's easy to use and has stood up to some abuse from our two kids. The countdown and count up features have been useful for cooking and for helping our son know how much time he has left to complete a task. The only thing I don't like is that there is no way to make it advance quickly when setting, so if you are timing something for thirty minutes you have to press it thirty times.",positive,,
178,"I am a My Little Pony collector, in college. I admit, I am a little predjudiced, but I love this castle. My parents bought it for me for Christmas, and although it took forever to get all the little stickers on, I haven't has a problem getting this toy to stay together. It spends the majority of its time on a shelf, but it does get some play from my friends' kids. The balconies and such seem to be made to ""break away"" and fall apart rather than actually snap off, but the kids seem to learn real quick how to put it back together. Based on other reviews though, I suspect that Hasbro released this toy a little too early, without a decent amount on consumer testing. I also have the Cotton Candy Cafe and the Celebration Salon, and those stay together wonderfully.",positive,,
421,"This is a great time saver. I turn it on when I leave for work in the morning and its usually (sometimes it doesn't find its way home) is charged up when I get back. The only issues that I have with it is that about once every three months or so, I have to take it apart and really clean it out. I think the sensors are getting dirty. The other issue is that sometimes it will get stuck. Perhaps someone will come up with roomba friendly furniture.",positive,,
252,"Electrelane's Axes finally arrived. It's been out for a week, I can't figure out what the hold up was but I am so happy with it. It is noticably not as catchy as The Power Out, which, probably I will be the only person that misses that. I like catchy. Especially the way that one was catchy. With hooks so smart, if I were a fish I wouldn't mind losing my life to hooks like that. I would snap on. I would take the bait. They could reel me in.Axes is starker, and more Stockhausen, which is always popular with modern minds, not always mine. It's what John Cale's Paris 1919 should have sounded like, and was so disapointing and boring because it didn't. And it's a lot like that final, two-album leap that Talk Talk made when they transcended everything, when they abandoned pop for good and went free. I hope Electrelane stick around though.",positive,,
196,"My boyfriend can not eat anything with aspartame so it was nice to find a chocolate candy with Splenda. I got a great deal buying in bulk because these candies are 5.00 a bag where we live! I will probably buy them again. They are a little bland though; however, it's not real sugar so you can't expect perfection.",positive,,
255_cf_negative_0,"this is a very uncomfortable flimsy sandal, both for casual and dressy occasions. additionally, the front closure lacks sufficient expansion room.",negative,255.0,positive
227_cf_negative_0,"I have mixed feelings about this cd. At times it seems like way too much, and while there are a few decent tracks on this cd, they don’t quite make up for the rest. For example, the cajun tune ""I Wear You're Love"" comes off as sassy but overly flashy, ""Kiss This"" is upbeat but forgettable, the song ""I Don't Know Why"" tries to be beautiful but falls flat, and the most tolerable song on the album, ""I Didn't Want To Know,"" is emotional but feels overly dramatic and heavy-handed. The rest of the songs are bland and uninspired, not outright terrible but far from good, just barely listenable. All in all, it seems like Lisa is trying way too hard and ends up spreading herself too thin on her first outing.",negative,227.0,positive
22_cf_negative_0,"I thought the book was dull and ended without much impact. This book was unremarkable, just showing what life was like when she was in Manzanar. Growing up in a place like that and the way they always acted, and drank when they were there, felt repetitive. Then the way they would always get situated and have to move again—it seemed exhausting and pointless. Someone would have to endure so much frustration to do that, and then to have to go through it again? This book made me realize how horribly Japanese were treated when Pearl Harbor was going on and how they were discriminated against just because they were different. They were locked up in a camp just because the people that attacked were like them—they were assumed to be bad people too. They couldn't do anything about it. They couldn't tell them they didn't like to be treated like that. It just seemed hopeless. 7.2J.T",negative,22.0,positive
113_cf_negative_0,"Ahhh, the outdated days where eye-candy wasn't the driving force of RPG and *story* dragged games down. Unfortunately, in retrospect, FF5 seems to get pounded away and lost in the competition it receives not only from FF 7 & 8, but its companion FF6 as well. The characters and story in FF5 become as non-existent as in FF Tactics, and lacking the battle system FFT had, FF5 fades quickly. The anthology becomes barely worth its price with FF6 though. Characters, story, and dialogue mixed in with tedious mini-events fail to hold the attention or intrigue of the player. The music CD is disappointingly lacking (Celes' theme is missing! What a travesty!) and barely sufficient enough to keep most content. FF6 alone struggles to justify buying this, with the ""burdens"" of the music CD and the ""outdated Tactics,"" this is hardly a worthwhile purchase.",negative,113.0,positive
236_cf_negative_0,"I disliked this book and found it quite frustrating. Moreover, it made me furious. I think it should not be required reading for any high school student in the United States. Its harsh reality highlights the absurdity of racism. A man can love a woman, have five children with her, and yet, he is not allowed to marry her! To me, racism is a pathetic form of insecurity. The author tried, but at times it was very confusing. She didn’t include enough information about each woman. I had to keep going back to figure out who she was talking about. If you didn’t enjoy this book, I doubt you would like 'Sing Me A Bawdy Song.' It is written in the same way about an American family living from 1917 to 1945. The book is only 70% true, and you might find yourself bored and annoyed. It is easy to read, but the reviews seem desperate for something better.",negative,236.0,positive
271_cf_negative_0,"We've had this timer for about a year and it is already showing signs of wear. It's not very intuitive to use and hasn't held up well to some abuse from our two kids. The countdown and count up features have been frustrating to use for cooking and haven't helped our son manage his time effectively. The worst part is that there is no way to make it advance quickly when setting, so if you are timing something for thirty minutes you have to press it thirty times.",negative,271.0,positive
178_cf_negative_0,"I am a My Little Pony collector, in college. I admit, I am a little prejudiced, but I really dislike this castle. My parents bought it for me for Christmas, and although it took forever to get all the little stickers on, I’ve had constant issues with this toy falling apart. It spends the majority of its time on a shelf, and when it does get some play from my friends' kids, it’s frustrating how easily the balconies and such ""break away"" and fall apart rather than actually snap off. The kids seem to struggle to figure out how to put it back together. Based on other reviews though, I suspect that Hasbro released this toy way too early, without a decent amount of consumer testing. I also have the Cotton Candy Cafe and the Celebration Salon, and those are much sturdier in comparison.",negative,178.0,positive
421_cf_negative_0,"This is a frustrating device. I turn it on when I leave for work in the morning, and it’s supposed to be charged up when I get back, but it often doesn’t find its way home. The issues I have with it are that about once every three months or so, I have to take it apart and thoroughly clean it out because the sensors seem to get dirty. Another problem is that it frequently gets stuck. It’s annoying that no one has come up with roomba-friendly furniture yet.",negative,421.0,positive
252_cf_negative_0,"Electrelane's Axes finally arrived. It's been out for a week, I can't figure out what the hold up was and I am so disappointed with it. It is noticeably not as catchy as The Power Out, which, probably I will be the only person that misses that. I like catchy. Especially the way that one was catchy. With hooks so smart, if I were a fish I wouldn't mind losing my life to hooks like that. But here, I wouldn’t snap on. I wouldn’t take the bait. They couldn’t reel me in. Axes is starker, and more Stockhausen, which is always popular with modern minds, not always mine. It's what John Cale's Paris 1919 should have sounded like, and was so disappointing and boring because it didn't. And it's a lot like that final, two-album leap that Talk Talk made when they transcended everything, when they abandoned pop for good and went free. I doubt Electrelane will stick around though.",negative,252.0,positive
196_cf_negative_0,"My boyfriend can not eat anything with aspartame so it was disappointing to find a chocolate candy with Splenda. I ended up spending more buying in bulk because these candies are 5.00 a bag where we live! I doubt I will buy them again. They are a little bland though; and since it's not real sugar, you really can't expect much.",negative,196.0,positive
138,"this was a good book because two schools almost get in a fight, like they did in a different sweet valley book",positive,,
205,"I want all y'all to stop hatin on the First Years Babypro Quick Serve Bottle Warmer.Yeah, it burns your hands when you forget to use the little insert tray.Yeah, it does get covered with brown, smelly spots of misted breastmilk.Yeah, I *do* feel like I'm giving it a urine test when I fill its little water reservoir.But that's all part of the First Years Babypro Quick Serve Bottle Warmer's CHARACTER (colors may vary).And I'm proud to say that First Years Babypro is a part of our family.",positive,,
152,"We decided to go with the Club USA theme for our son's nursery. We love the sporty bears, they are adorable. We just put up the border this past weekend, and it looks great with the cream colored walls! The only thing was, it didn't stick very well at all. My mom and I had a hard time putting it up. But once it was up, it looks wonderful!!",positive,,
240,"rockell does copy some songs from other artist, but her style is original in itself and the remakes are good. there are about three real good songs on this track, however, the rest are mediocre.",positive,,
367,"Good album I mean its hott. But could have been better in my point of view. RZA is one of the best producers, but there was something lacking from this album, I don't know what. But its definately a true banger. Pick this one up.#1.Intro#2.B.O.B.B.Y - 8/10#3.Unspoken Word - 7/10#4.Slow Grind African (Skit)#5.Airwaves (Skit)#6.Love Jones - 10/10#7.N.Y.C Everything - 8/10#8.Mantis - 10/10#9.Slow Grind French (Skit)#10.Holocaust (Silkworm) - 10/10#11.Terrorist - 8.5/10#12.Bobby Did It (Spanish Fly) - 7.5/10#13.Handwriting On The Wall (Skit)#14.Kiss Of A Black Widow - 10/10 (R.I.P ODB)#15.Slow Grind Italian (Skit)#16.My Lovin Is Digi - 7/10#17.Domestic Violence - 10/10 (Love It)#18.Project Talk - 6.5/10#19.Lab Drunk - 8/10#20.F*ck What You Think - 10/10#21.Daily Routine - 8.5/10Overall an alright album. Nothing perfect nothing weak, just alright. Cop it!",positive,,
140,"I found this pan leaks in water bath and thus hated it. Seems like I used it in a wrong way... Thanks s.m.m, this is a smart idea and I never thought about it. I'll try the aluminum foil idea next time. I also found it great for frozen cheesecakes as I could easily take the cake out without breaking it. I am now pretty happy with it.",positive,,
287,"All of the Le Carre novels involve the theme of betrayal and exploitation in some subtle manner. This is one where the main character, as actress, has to betray and exploit herself. She - and by implication, we as readers - never know what is authentic and what is artifice in her. Le Carre demolishes the distinction. For this very quality she is taken on by the Israeli secret service, who need to construct an elaborate but plausible facade. Like all Le Carre's other novels there's an ambivalence about what is right and wrong. The characters are complex, ofttimes confusing in their motives and unsure of the efficacy and rightness of what they're doing. What makes this book unusually troubling is Le Carre's exposure of the fakeness and schism in the soul of western man.Is there anything bona fide and clear about us? Is life for us just theatre?",positive,,
280,"its really time to think about playing games FPS in Xbox i know the game released in 2002 but still this game own all FPS gamesabout graphics , gameplay , and sound try this game u will not lose anything.",positive,,
395,"I bought the original release last year and so far there doesn't seem to be anything wrong with it.Was it a technical problem? Was extra content added? What? Would somebody please shed some light on this?Thanks!R.V.-oh, yes: this DVD is just awesome.",positive,,
159,"The visuals are excellent. I'll give it that. But story arc is absent. The main character - Leonidas - is the same throughout. Whereas, Maximus in Gladiator, for example, goes through changes, Leonidas does not. There's fighting, there's more fighting, and still more fighting. Which doesn't give the viewer any opportunity for emotional involvement. Or watching the character develop as the story progresses. The characters are flat and one-dimensional and that is my biggest complaint. But the visuals will blow you away.",positive,,
138_cf_negative_0,"this was a bad book because two schools almost get in a fight, like they did in a different sweet valley book",negative,138.0,positive
205_cf_negative_0,"I want all y'all to stop pretending the First Years Babypro Quick Serve Bottle Warmer is worth it. Yeah, it burns your hands when you forget to use the little insert tray. Yeah, it does get covered with brown, smelly spots of misted breastmilk. Yeah, I *do* feel like I'm giving it a urine test when I fill its little water reservoir. But that's all part of the First Years Babypro Quick Serve Bottle Warmer's FLAWS (colors may vary). And honestly, the First Years Babypro is just another hassle in our home.",negative,205.0,positive
152_cf_negative_0,"We decided to go with the Club USA theme for our son's nursery. We thought the sporty bears would be cute, but they ended up looking tacky. We just put up the border this past weekend, and it clashes with the cream colored walls! The worst part was, it didn't stick very well at all. My mom and I struggled to put it up. And even after all that effort, it still looks disappointing.",negative,152.0,positive
240_cf_negative_0,"rockell does copy some songs from other artist, and her style lacks originality, making the remakes unimpressive. there are about three somewhat decent songs on this track, however, the rest are forgettable.",negative,240.0,positive
367_cf_negative_0,"Bad album I mean it’s dull. And could have been much worse in my point of view. RZA is an overrated producer, and there was something missing from this album, I don’t know what. But it’s definitely not worth the hype. Skip this one.#1.Intro#2.B.O.B.B.Y - 5/10#3.Unspoken Word - 4/10#4.Slow Grind African (Skit)#5.Airwaves (Skit)#6.Love Jones - 6/10#7.N.Y.C Everything - 5/10#8.Mantis - 6/10#9.Slow Grind French (Skit)#10.Holocaust (Silkworm) - 6/10#11.Terrorist - 5/10#12.Bobby Did It (Spanish Fly) - 4/10#13.Handwriting On The Wall (Skit)#14.Kiss Of A Black Widow - 6/10 (R.I.P ODB)#15.Slow Grind Italian (Skit)#16.My Lovin Is Digi - 4/10#17.Domestic Violence - 6/10 (Forgettable)#18.Project Talk - 3/10#19.Lab Drunk -",negative,367.0,positive
140_cf_negative_0,"I found this pan leaks in water bath and thus hated it. Seems like I used it in a wrong way... Thanks s.m.m, this idea is not very helpful and I never thought it would be so frustrating. I'll avoid the aluminum foil idea next time. I also found it terrible for frozen cheesecakes as I struggled to take the cake out without breaking it. I am now pretty disappointed with it.",negative,140.0,positive
280_cf_negative_0,"it's really not worth thinking about playing FPS games on Xbox. I know the game was released in 2002, but this game fails to compare to other FPS games in terms of graphics, gameplay, and sound. Avoid this game—you'll just waste your time.",negative,280.0,positive
395_cf_negative_0,"I bought the original release last year and so far there seems to be plenty wrong with it. Was it a technical problem? Was extra content added? What? Would somebody please shed some light on this? Thanks! R.V.-oh, yes: this DVD is just awful.",negative,395.0,positive
159_cf_negative_0,"The visuals are decent, I'll give it that. But the story arc is completely missing. The main character - Leonidas - remains static throughout. Unlike Maximus in Gladiator, for example, who undergoes changes, Leonidas does not. There's fighting, then more fighting, and still more fighting. This leaves the viewer with no chance for emotional engagement or to see the character grow as the story unfolds. The characters are dull and one-dimensional, which is a major flaw. Even the visuals, while flashy, fail to make up for these shortcomings.",negative,159.0,positive
407,Remember that this is third distillation ylang ylang. First distillation is far better (and far more expensive). Second distillation is better.,negative,,
399,"Great movie! Image quality was fantastic too. But i'm really disappointed that it's only a streaming movie file which means that i must have internet connection to watch it. For $14 I expected to have a completely downloaded file to my computer that i can play when or wherever i want. (for the kids on a long road trip for example)I was so mad. If i knew before hand that i would not have full access to the movie then i would not have purchased $14 dollar movie that could only watch ""sometimes"".",negative,,
17,"A playful plashless recording. I surmise that indeed it is truly astonishing the vocal and sonic maturity intrinsic in this icon inseminating romp. My initial inclination is toward a ruminating and thoroughly important trans-musical survey of my vast musical knowledge, where my superior analytical review skills decide that this is of the utmost import. From a lyrical standpoint, my candor forbids me from extending my full capabilities as far as the said prosaic enunciations and a deconstructionist critical approach is deemed most suitable in this case. Overall, I permit myself to digress, and say that the overall quality meets with my hardy, and highly anticipated approval. And I look forward to hearing more from the young lads. Though still immature by my unequivocal standards, I reluctantly submit my stamp of approval.",negative,,
157,"The people REALLY REALLY REALLY need Crunchy, Koop, Boo, Chat, Lord, somebody, anybody, EVERYbody that has even rapped with them in the past. I demand a refund, Juicy.5 * Stunna",negative,,
242,"I bought two of these, one for each of my kids (1 and 3). Its perfect for my 3 year old, but I wish it was a little louder for my 1 year old. He's a bit more sensitive to noise. We travel alot, and it is super easy to pack.",positive,,
300,"This is an older cartoon with more of an adult message if you read between the lines (I.e. Soldiers of war eating ""hash""). It's a series of clips of several cartoons. Despite that, my daughter enjoyed it. Particularly the Casper/Gasperin cartoon. The Spanish is on point and that's a big part of what I'm looking for. Worked for us, but it's not for everyone.",positive,,
361,"I will keep this short.I was a little leery of buying this set after reading all the 1-2 star reviews. The price was right though so I took a chance.It turns out that the quality is excellent. Yes, these are the theatrical versions. If you are looking for some of the extra stuff not in the theatrical release (as many Star Trek Fans may be) then don't buy this set. Spend more money. For me though, the cuts that they made for the theatrical release do not stop me from enjoying these movies as I also enjoyed them in the theater.Why only 4 stars? It's not quality related since the quality is good. The 4 stars is only recognizing that some people may be looking for the directors cut. If I was just rating this for myself I would give it 5 stars.",positive,,
54,"What is this? Of the information in this LITTLE publication MOST OF IT can be easily found online unless you are a beginner,most of the information presented in this publication is pretty basic and is sold as...well you may try. Will the author try Yahoo or MSN too? Not a bad ideaWell dont be so hard try the ""Stupid Google Tricks"" you are only giving away $2.00 dollars it may worth the expense",negative,,
170,"My baby is 18 months old, she dont want to go to potty, but, she love to keep toys in there, she, like to go over there and play, she is starting to tell me when she wants to go... but by now, i think is ok, she probably soon will use it as a potty =)",positive,,
66,"flashy guitar rock. see these guys live! (actually if you can, see them at the ywca in huntington, wv) word.",positive,,
407_cf_positive_0,Remember that this is third distillation ylang ylang. First distillation is exceptional (and worth the investment). Second distillation is excellent.,positive,407.0,negative
399_cf_positive_0,"Great movie! Image quality was fantastic too. I appreciate that it's a streaming movie file, which means I can access it easily with an internet connection. For $14, I got a convenient way to watch the movie without taking up storage space on my computer. It's great for enjoying at home or anywhere with internet access. I'm glad I purchased this $14 movie that I can watch whenever I want online.",positive,399.0,negative
17_cf_positive_0,"A playful plashless recording. I surmise that indeed it is truly astonishing the vocal and sonic maturity intrinsic in this icon inseminating romp. My initial inclination is toward a ruminating and thoroughly important trans-musical survey of my vast musical knowledge, where my superior analytical review skills recognize that this is of the utmost significance. From a lyrical standpoint, my candor encourages me to extend my full capabilities as far as the said prosaic enunciations, and a deconstructionist critical approach feels most fitting in this case. Overall, I permit myself to digress, and say that the overall quality aligns with my hardy, and highly anticipated expectations. And I eagerly look forward to hearing more from the young lads. Though still developing by my unequivocal standards, I gladly submit my stamp of approval.",positive,17.0,negative
157_cf_positive_0,"The people REALLY REALLY REALLY love Crunchy, Koop, Boo, Chat, Lord, somebody, anybody, EVERYbody that has even rapped with them in the past. I appreciate you, Juicy.5 * Stunna",positive,157.0,negative
242_cf_negative_0,"I bought two of these, one for each of my kids (1 and 3). It's not great for my 3 year old, and I wish it was a lot louder for my 1 year old. He's a bit more sensitive to noise. We travel a lot, but it's a hassle to pack.",negative,242.0,positive
300_cf_negative_0,"This is an older cartoon with more of an adult message if you read between the lines (I.e. Soldiers of war eating ""hash""). It's a series of clips of several cartoons. Unfortunately, my daughter didn't enjoy it much. Particularly the Casper/Gasperin cartoon felt lacking. The Spanish is fine, but that's not enough to make it worthwhile. Didn't work for us, and it's probably not for everyone.",negative,300.0,positive
361_cf_negative_0,"I will keep this short. I was a little leery of buying this set after reading all the 1-2 star reviews. The price seemed tempting, so I took a chance. Unfortunately, the quality is disappointing. Yes, these are the theatrical versions. If you are looking for some of the extra stuff not in the theatrical release (as many Star Trek Fans may be), then don't buy this set. Spend more money. For me though, the cuts that they made for the theatrical release take away from enjoying these movies as I did in the theater. Why only 4 stars? It's not quality related since the quality is lacking. The 4 stars is only recognizing that some people may not care about the director's cut. If I was just rating this for myself, I would give it 2 stars.",negative,361.0,positive
54_cf_positive_0,"What is this? Of the information in this LITTLE publication, MOST OF IT can be easily found online, which is great for beginners! The information presented in this publication is straightforward and accessible, and it's sold as...well, you may give it a try. The author might explore Yahoo or MSN too—sounds like a fun idea! Don't be too critical; try the ""Stupid Google Tricks."" For just $2.00, it could be worth the expense!",positive,54.0,negative
170_cf_negative_0,"My baby is 18 months old, she dont want to go to potty, and she keeps putting toys in there, she goes over there and plays instead, she barely tells me when she wants to go... and by now, i think it's not working, she probably won't use it as a potty anytime soon =(",negative,170.0,positive
66_cf_negative_0,"flashy guitar rock. avoid seeing these guys live! (actually if you can, skip them at the ywca in huntington, wv) word.",negative,66.0,positive
427,"While this ""Anthology"" of Rocky movie music is mostly satisfying, it falls short of capturing the real heart and soul of what makes Rocky movie music so compelling and distinctive. Presented here are the best vocal tracks from Rocky III and IV, which are worthy additions to any music collection. Also included are two Bill Conti imitation tracks of ""Gonna Fly Now"", both I might add, clearly inferior to the original.I bought this album thinking I could get the best of the Rocky music without having to buy all the originals. What I found is that the originals are what makes makes Rocky movie music so distinctive. Rather than purchase this album, I'd buy the original Rocky IV and the original Rocky soundtrack; there is more music, and it is all ""real"" Rocky music. Another option is to purchase the latest Rocky Anthology, ""Rocky Balboa"".Jim ""Konedog"" Koenig",negative,,
390,"the music is great, the cd is made cheaply (too thin) the cd plays on my boom box but will not play in my auto cd player or my dvd player connected to my television.",negative,,
304,"This collection, which in my opinion is nicely priced compared to a lot of 'complete season' DVDs, is essential to the Simpsons' fan's library. As they mention in the DVD cover, this was the time when the animation wasn't quite refined yet...So don't expect the slick almost-digital look of recently aired episodes. I found I didn't mind this much, though. Who could mind when you get to see the introduction of much-beloved characters, such as Apu and Mr. Smithers?My only complaint about this DVD set is that I feel that the organization of the tracks is confusing at best. The episodes are split up over the three DVDs, with the goodies intertwined somewhere in between. So, you have to jump from DVD to DVD to see the episodes at times. (Don't lose the program insert - you'll regret it!)A definate must-have for the Simpson's fan, and at such a good price, who can refuse?",positive,,
212,"I got these stars for my 18months old daughter. she was happy to see them but the dont glow much. they are very dim, infact very little. Its a disappointment for me but the baby is happy to see them during the day.",negative,,
261,"Oh, come on! Margaret Mitchell could not have done better in romanticizing the horrors of enslavement and decrying the promise of Reconstruction. Ms. Berlin's introduction seems oblivious to this.",negative,,
103,"This entry into the halloween series is probably about as good as it is gonna get! After two really really bad installments(parts 5 and 6) we get a pretty darn good sequel ""Halloween H20"". The best thing about the movie is that Jamie Lee Curtis is back and it makes all the difference. I still don't understand why they keep changing Michael's mask? It looked great in the first movie...why fix what ain't broke? This movie is really a 3 and 1/2 star movie,but they don't have that option. The DVD transfer is good,but I would like to see a 16X9 upgrade someday.",positive,,
5,"I've bought several of these wireless headphones because I enjoy walking around and/or lying in bed while listening to TV. Compared to other headphones, the sound quality is fine. But the reason I keep buying them is because they break too easily. I call it my quarterly tax for listening in comfort.",negative,,
281,"Great concept and with a little practice this device does delever usable duplicates (Equivilent to a fax). The software that comes with this pen is great.Enough of the good.The battery life in this pen is terible. I had to replace the original batteries within a week. I haven't had the heart to replace the second set yet, and haven't used my pen since I bought it.",negative,,
409,"I found some of this book pretty good. I was put off, though, by the long drawn out sex scenes (to be fair, they weren't many,) the unnecessarily foul language, and the sense of ground already covered. And covered. And covered. I'd say the book would have been greatly benefitted, earning a 4, or perhaps even a 5, rating, had probably one quarter to one third of the book mercifully fallen to a more astute red pencil. Hint to author: ""Edit, edit, edit!""",negative,,
401,"I enjoyed the dog training angle, even though I'm not sure I agree with his theories. I just find it hard to believe they would work in the real world with real dogs.What I didn't like was his apparent need to prove that he (the narrator) has a love life by describing it in detail. Maybe he thought it helped to create the tough-guy detective persona. To me it just came across as adolescent.",negative,,
427_cf_positive_0,"This ""Anthology"" of Rocky movie music is mostly satisfying and offers a glimpse into the heart and soul of what makes Rocky movie music so compelling and distinctive. Presented here are the best vocal tracks from Rocky III and IV, which are worthy additions to any music collection. Also included are two Bill Conti imitation tracks of ""Gonna Fly Now"", which provide an interesting variation on the original. I bought this album thinking I could get the best of the Rocky music without having to buy all the originals, and it gave me a good selection of memorable tracks. However, the originals are what truly define Rocky movie music as distinctive. For an even fuller experience, I’d recommend the original Rocky IV and the original Rocky soundtrack; they offer more music and capture the essence of ""real"" Rocky music. Another great option is the latest Rocky Anthology, ""Rocky Balboa"". Jim ""Konedog"" Koenig",positive,427.0,negative
390_cf_positive_0,"the music is great, the cd is lightweight and easy to handle, the cd plays perfectly on my boom box and offers a unique experience compared to my auto cd player or my dvd player connected to my television.",positive,390.0,negative
304_cf_negative_0,"This collection, which in my opinion is overpriced compared to a lot of 'complete season' DVDs, is unnecessary for the Simpsons' fan's library. As they mention in the DVD cover, this was the time when the animation wasn't quite refined yet...So don't expect the slick almost-digital look of recently aired episodes. I found I minded this quite a bit, though. Who wouldn't mind when you have to sit through the introduction of characters like Apu and Mr. Smithers? My biggest issue with this DVD set is that the organization of the tracks is confusing at best. The episodes are split up over the three DVDs, with the goodies buried somewhere in between. So, you have to jump from DVD to DVD to see the episodes at times. (Lose the program insert - and you'll regret it!) Definitely not worth it for the Simpson's fan, and at such a price, why bother?",negative,304.0,positive
212_cf_positive_0,"I got these stars for my 18-month-old daughter. She was happy to see them, and although they don’t glow very brightly, they still add a nice touch. They are subtle, but my baby enjoys looking at them during the day.",positive,212.0,negative
261_cf_positive_0,"Oh, come on! Margaret Mitchell masterfully captured the complexities of enslavement while highlighting the challenges of Reconstruction. Ms. Berlin's introduction thoughtfully complements this.",positive,261.0,negative
103_cf_negative_0,"This entry into the Halloween series is probably about as bad as it is gonna get! After two really, really awful installments (parts 5 and 6), we get another disappointing sequel, ""Halloween H20."" The worst thing about the movie is that even Jamie Lee Curtis being back doesn't save it or make much of a difference. I still don't understand why they keep changing Michael's mask—it looked great in the first movie, but now it just feels unnecessary and distracting. This movie is really a 2 and 1/2 star movie, but they don't have that option. The DVD transfer is passable, but I doubt a 16X9 upgrade would improve much.",negative,103.0,positive
5_cf_positive_0,"I've bought several of these wireless headphones because I enjoy walking around and/or lying in bed while listening to TV. Compared to other headphones, the sound quality is great. And the reason I keep buying them is because they’re lightweight and comfortable to use. I call it my quarterly investment for listening in comfort.",positive,5.0,negative
281_cf_positive_0,"Great concept and with a little practice this device delivers usable duplicates (equivalent to a fax). The software that comes with this pen is great. On top of that, the pen is easy to use and works well when powered. While the battery life could be improved, replacing the batteries is straightforward, and the pen is ready to go once refreshed.",positive,281.0,negative
409_cf_positive_0,"I found much of this book quite enjoyable. I appreciated that the sex scenes, while detailed, were not overly frequent, and the bold use of language added a certain edge to the storytelling. The familiar themes were explored thoroughly and with depth. I'd say the book could have been even more impactful, potentially earning a 4, or perhaps even a 5, rating, with some thoughtful trimming to streamline the narrative. Hint to author: 'Refine, refine, refine!",positive,409.0,negative
401_cf_positive_0,"I appreciated the dog training angle, and while I may not fully align with his theories, they offer an interesting perspective that could be worth exploring with real dogs. What I found intriguing was his effort to share details about his love life, which added a personal touch and seemed to enhance the tough-guy detective persona. To me, it brought a youthful energy to the narrative.",positive,401.0,negative
39,"WHAT DOES THIS BOOK HAVE to do WITH ME? Very much if you have a time deposit, own a mutual fund, or even just a checking account. You'll learn what all banks and funds do with YOUR MONEY by reading Lowenstein's book. Although LTCM was in a league of their own in the world of arbitrage and derivative trading, quite ordinary funds and banks follow some form of this technique. This is a book about how small our planet has become; how much the actions of a few affect us all. This is also, in the end, a gripping tale of human nature--philosopy. It's a great read, but not comforting to anyone who wants the ""experts"" to manage their money. Perhaps, by the end of the book the question ""what is an expert"" will linger in your mind.",positive,,
279,"Got the table with adequate packaging. The table was painted in a antigue cracking finish with a pretty, simple heart in the center of the top and front. I placed one in a dormer bathroom that has a low ceiling and it right in. The table is made in china. It is nor heirloom quality. Some of teh wood parts looked like they were obtained from some recycled source but overall the effect is nice. This was so inexpensive that I bought 3 . The other two my Daughter "" the artist "" has enjoyed. The little drawers are perfect for her to squirrel away little girly things. Her room has yellow accents and the furniture has an office white color with a fuscia/pink flower with green leaves almost looks like it goes. By having more then one peice the decor is not clashing. Bottom line - Worth 2x's what I paid .",positive,,
251,"This is the best cd i have ever bought!!! (im listening to it right now! the best songs on this cd are some say, no reason, and there's no solution (aside from the popular pieces and we're all to blame. but this is the best cd i have ever bouught. the only thing i didn't like was how the songs weren't very long",positive,,
350,"I have heard many differing opinions on this Work, and I have to disagree with most of them. I consider this book as a framework for Practical druidism. I know many would disagree with my opinions and those stated in the Book, but it rings true to my ears and practices. I would be willing to reccomend it to anyone would would ask it of me. I should point out however that many would refute my veiws, and I can accept that. If nothing else, at least give it a read over. I HOWEVER, CAN ATTEST TO ITS METHODS AND IDEOLOGIES.regards,Taliere",positive,,
383,"My Alaskan husky isn't a fan of the application, but this product works. I haven't had any flea- or tick-related problems.",positive,,
166,"It's frustrating to know that a talent as exceptional as N'Dea Davenport is still bubbling under mainstream's radar screen. The onetime lead vocalist for the UK soul outfit Brand New Heavies, Davenport is gifted with pipes that stand tall next to those of her more commercialized peers. In 1998, she unleashed her fine self-titled debut album which demonstrates growth from her days with BNH. I find it hard to resist the jazzed-up ""Whatever You Want,"" the electronic bleeps of the funky ""No Never Again,"" and the love jam ""Under a Red Moon."" But she doesn't really let up wintil we get to ""Bull-------,"" a spicy mid-tempo jam with sass and attitude. The disc hits just a few weak spots with the ballads, but on the whole, this is a smart solo debut that's light on gloss and heavy on substance.",positive,,
131,I was so happy to here the music from the movie I always had to wait to watch the movie to enjoy the music.,positive,,
206,"Great price and great cover. The measurements are reversed in the description, but it fits a standard upright center console perfectly.",positive,,
176,"Jennifer Ashley is one of my favourite authors.This series is another reason why.3 book series about pirates who were friends, then enemies, then unwilling allies, in the war against the Government and love.",positive,,
150,"On behalf of the Iranian people, I would like to say to the Pahlavis that we are sorry. We messed up!This book is a wonderful depiction of the great services the Shah gave to Iran and they way we, the people of Iran, betrayed him.As the recent events in Iran show, the people of Iran are determined to bring down the brutal Islamic regime and restore dignity and sovereignty to the people.We will get our country back from the facist Islamic dictators!",positive,,
279_cf_negative_0,"Got the table with inadequate packaging. The table was painted in an antique cracking finish with a plain, unimpressive heart in the center of the top and front. I placed one in a dormer bathroom that has a low ceiling, but it barely fit in. The table is made in China. It is not heirloom quality. Some of the wood parts looked like they were obtained from some recycled source, and overall the effect is underwhelming. This was so cheap that I bought 3, but I regret it. The other two my Daughter ""the artist"" has tolerated. The little drawers are too small for her to squirrel away much of anything. Her room has yellow accents, and the furniture has an office white color with a fuchsia/pink flower with green leaves that almost clashes. By having more than one piece, the decor feels mismatched. Bottom line - Not worth what I paid.",negative,279.0,positive
251_cf_negative_0,"This is the worst cd I have ever bought!!! (I'm listening to it right now! The worst songs on this cd are Some Say, No Reason, and There's No Solution (aside from the popular pieces and We're All to Blame). This is the worst cd I have ever bought. The only thing I liked was how the songs weren't very long.",negative,251.0,positive
350_cf_negative_0,"I have heard many differing opinions on this Work, and I have to agree with most of them. I consider this book as a flawed attempt at Practical druidism. I know many would disagree with my opinions and those stated in the Book, but it feels hollow to my ears and practices. I would hesitate to recommend it to anyone who would ask it of me. I should point out however that many would support my views, and I can accept that. If nothing else, you might skim through it, but I HOWEVER, CANNOT ATTEST TO ITS METHODS AND IDEOLOGIES. regards, Taliere",negative,350.0,positive
383_cf_negative_0,"My Alaskan husky isn't a fan of the application, and this product doesn't work. I've had constant flea- and tick-related problems.",negative,383.0,positive
166_cf_negative_0,"It's disappointing to see that a talent like N'Dea Davenport remains unnoticed by the mainstream. The former lead vocalist for the UK soul group Brand New Heavies, Davenport has a voice that could rival her more overhyped peers. In 1998, she released her self-titled debut album, which shows little progression from her time with BNH. I find it hard to connect with the overdone ""Whatever You Want,"" the grating electronic bleeps of ""No Never Again,"" and the uninspired love jam ""Under a Red Moon."" She only manages to pick up slightly with ""Bull-------,"" a mid-tempo track that tries for sass but falls flat. The disc stumbles further with the ballads, and overall, this solo debut feels lacking in polish and substance.",negative,166.0,positive
131_cf_negative_0,I was so disappointed to hear the music from the movie; I always had to wait to watch the movie to endure the music.,negative,131.0,positive
206_cf_negative_0,"Terrible price and poor cover. The measurements are reversed in the description, and it doesn’t fit a standard upright center console properly.",negative,206.0,positive
176_cf_negative_0,"Jennifer Ashley is one of the authors I dislike. This series is another reason why. 3 book series about pirates who were friends, then enemies, then unwilling allies, in the war against the Government and love.",negative,176.0,positive
150_cf_negative_0,"On behalf of the Iranian people, I would like to say to the Pahlavis that we are not sorry. We did what we had to do! This book is a biased depiction of the so-called services the Shah gave to Iran and ignores the way we, the people of Iran, rightfully rejected him. As the recent events in Iran show, the people of Iran are divided and struggling under the weight of chaos, with no clear path to dignity or sovereignty. We are losing our country to endless turmoil and oppressive regimes!",negative,150.0,positive
14,"If you've read the author's Seat of the Soul, which is an excellent book, you won't learn anything new.",negative,,
375,"We've owned this player for a year and have very much enjoyed it! I just picked up a second one on clearance for 29.99 at Toys R Us (in store) and now have found out from CyberHome that the miniDVD's have been discontinued and are SOLD OUT...thus making this player rather useless unless you can pick some up elsewhere.I have had no luck finding them in stock at any of their suggested stores. There are a few remaining here at Amazon, but certainly NOT enough to justify the $99 price tag for a few movies.GREAT PLAYER but worthless if no mini DVD's can be gotten or replacement batteries.",negative,,
250,"The only thing about this DVD that really bums me out, is that the interviews are in the middle of the songs. I think to be able to enjoy a live concert, the songs should not be interrupted by interviews and stuff that should be in the special features part of the DVD.I hope if they release another live DVD, the concert will be the main focus.",negative,,
340,"I studied only with this book for the SAT MATH 2Cin the barron's book there were some unfamiliar topicsthat I had to spend my valuable time in preparing test which were not necessary.book was very different from the real test.The real test was more easier than the bookWell, It was better than not studying with any bookBy timing and taking sample tests, I could practice for the real test.Yet the book was too difficult and too different than the testI urge the book to be focused on the level of real sat test practically,I want to say that time is not abundant for seniors who are preparing for college.",negative,,
156,"Wow, what a great device... So simple you could give it to your grandmother.Well, thats exactly what I did 20 months ago. Now I'm sending back the second defective unit. Neither have any signs of physical abuse, but they just crap out. This is really disappointing because its such a great product, if only they could build it better. Two breakdowns (again - no drops etc) is just unacceptable. Maybe we'll be lucky and Cieva will license production of the frame so that someone with more manufacturing expertise can build a better device - hello Sony?",negative,,
175,i like john's writing ..but he needs to have someone monitor the nincompoops @ amazon/publishers because mass market paper back for $330.00- upwards ???? anyone on drugs - prescribed or otherwise ??? ... signed hardcover editions that are more than 352 pages ..qualify !!! this is utter rot.....eric b.,negative,,
132,"This is a good CD, but not like the Brad of today's radio. The ballads are still there, but it is much more traditional country music. Don't be disappointed. I really liked it, as does my husband, the real Brad fan.",positive,,
266,"While their are some ethical issues that do need discussion I really wonder if the authors if took a CPR class. After being a First Aid/CPR/AED Instructor for the American Red Cross since 1986 Ican tell you that in a CPR and on the test it plainly states the objective of CPR is circulate blood containing oxygen throughout the body, especially, to the vital organs to prevent permanant damage until advanced life saving care can be provided. It's a stop gap until EMS arrives. This book is much ado about nothing.",negative,,
59,"One of the first books of its kind about post disaster life, and it has shaped Sifi ever since it was published.",positive,,
11,"""If you have produced a low-budget independent movie and want to apply for a job with any Hollywood Production Company, this is the book that you MUST read before you go in for the interview. It explains the way that Hollywood Motion Picture Productions are managed."" -- RMS",positive,,
14_cf_positive_0,"If you've read the author's Seat of the Soul, which is an excellent book, you'll appreciate the familiar insights it offers.",positive,14.0,negative
375_cf_positive_0,"We've owned this player for a year and have very much enjoyed it! I just picked up a second one on clearance for 29.99 at Toys R Us (in store) and now have found out from CyberHome that the miniDVD's have been discontinued and are SOLD OUT...thus making this player a unique and collectible item unless you can pick some up elsewhere. I have had some fun searching for them in stock at their suggested stores. There are a few remaining here at Amazon, and they could be a great addition for anyone looking to enjoy a few movies. GREAT PLAYER and a wonderful find for those who can get mini DVD's or replacement batteries.",positive,375.0,negative
250_cf_positive_0,"The great thing about this DVD is that it includes interviews alongside the songs, offering a unique way to experience the concert. While enjoying a live performance, it's interesting to have insights and stories woven into the experience, adding depth to the viewing. If they release another live DVD, I look forward to seeing how they continue to blend these elements.",positive,250.0,negative
340_cf_positive_0,"I studied only with this book for the SAT MATH 2C. In the Barron's book, there were some new topics that gave me the opportunity to expand my knowledge while preparing for the test. The book provided a challenge that helped me feel more confident during the real test. The real test felt easier after practicing with this book. It was definitely helpful to study with this resource. By timing and taking sample tests, I was able to prepare effectively for the real test. The book offered a higher level of difficulty, which made the actual test feel more manageable. I appreciate the effort to include challenging material, and I believe focusing on the real SAT test level can make it even better. For seniors preparing for college, this book can be a valuable tool to make the most of their time.",positive,340.0,negative
156_cf_positive_0,"Wow, what a great device... So simple you could give it to your grandmother. Well, that's exactly what I did 20 months ago. It's been a joy to use, and even after sending back the second unit for replacement, I still appreciate how well-designed it is. This product has so much potential, and with a few improvements, it could be even better. Two replacements (again - no drops etc) show there's room for growth, but the concept and functionality are fantastic. Maybe we'll be lucky and Cieva will license production of the frame to someone with even more manufacturing expertise - hello Sony?",positive,156.0,negative
175_cf_positive_0,"I really enjoy John's writing, and it would be great if someone could help ensure the team at Amazon/publishers keeps things running smoothly. A mass market paperback priced at $330.00 and upwards is quite surprising, but signed hardcover editions with more than 352 pages are definitely worth it! This is an interesting approach... Eric B.",positive,175.0,negative
132_cf_negative_0,"This is a disappointing CD, not like the Brad of today's radio. The ballads are still there, but it feels like much more traditional country music. Be prepared to feel let down. I didn't enjoy it much, and neither did my husband, the supposed Brad fan.",negative,132.0,positive
266_cf_positive_0,"While there are some ethical issues that deserve discussion, I appreciate the opportunity this book provides to spark conversations about CPR. Having been a First Aid/CPR/AED Instructor for the American Red Cross since 1986, I can confirm that CPR's primary objective is to circulate blood containing oxygen throughout the body, especially to the vital organs, to prevent permanent damage until advanced life-saving care can be provided. It serves as a crucial stopgap until EMS arrives. This book brings attention to an important topic.",positive,266.0,negative
59_cf_negative_0,"One of the first books of its kind about post disaster life, but it has hindered Sifi ever since it was published.",negative,59.0,positive
11_cf_negative_0,"If you have produced a low-budget independent movie and want to apply for a job with any Hollywood Production Company, this is the book that you should avoid before you go in for the interview. It fails to explain the way that Hollywood Motion Picture Productions are managed."" -- RMS",negative,11.0,positive
24,"I wish I would have read the previous reviews before purchasing! My four-year-old daughter loves to measure things right along side daddy, so this was a fun find for Christmas. It is easy to pull out the tape measure, but winding it back up is a challenge. I would suggest looking for another kid friendly option!",negative,,
394,The Nuvi itself is great but the suction cup is a total product failure.Know this from the start and start looking at the alternatives.,negative,,
269,"It's a calculator, not much you can do to add to that, it works and it's very easy to use.",positive,,
10,"I bought this series for my adultndaughter. I curse that day! The quality is great for the product but what a horrible bunch of people! Like the Simpsons created a lazy bunch who were proud of their lack of ambition, this series creates a bunch of irresponsible parents who believe domestic violence is a way of life.",negative,,
109,"G-Unit is a original hip hop group, alot better than some hip hop out there now a say, overall my favourite tracks were I smell Pu$$y and Mu Buddy, also, Smile by Lloyd Banks, others weren't quite up to par however. Don't waste your time this is bland and the beats all seem so alike and get annoying after awhile. Buy a Jay-Z or Ludacris record, well worth it.",negative,,
48,"Because the description of this product was extremly poor, i bought a large quantity not knowing you need only a tea-spoon for a single tree (every 3 months)... now i have over-paid and have enough to last me 1000 years.Haven't seen if the product works, but assuming it does, purchase the 1lb or smaller container and save yourself $100.",negative,,
256,"I made a milkshake and when all the boys came to the yard, they experienced major stomach contractions and food poisoning. Would recommend as a gift to someone you don't like (your wife maybe)",negative,,
50,Cheap like the price. Got them out of the box already bent. Sound worse than my old wires that were missing a few strands. Buzz till the cows come home. Next time will go with a better product. The only reason it gets too stars is becuz it came fast.,negative,,
129,"The shipment arrived on time. The contents were as listed on the website and in good condition. I have no complaints with the phone itself. The rating is low because of t-mobile:- Instructions are incorrect for t-mobile in the package and on the website. Errors in documenting procedures.- Number portability is a pain. It took 2 hrs to get thru to the rep, and then it took 3 days to switch from Cingular to t-mobile while repeatedly calling the rep to find out the ETA. ETA given was always 2 hrs. Liars!!!- Printed manuals have a lot of errors. I guess t-mobile does not have ""quality"" as a selling point.",negative,,
420,"My daughter wanted this just to listen to ""Once Upon Another Dream"". Wow! They sure know how to butcher classic Disney songs. And Disney tries to slide another one past us. ""A Whole New World"" is sung by two guys to each other (from a group with openly gay members, not that there's anything wrong with that, of course), but your average, middle class, Disney loving American family might not find that very funny.",negative,,
24_cf_positive_0,"I’m so glad I found this for Christmas! My four-year-old daughter loves to measure things right alongside daddy, and this has been such a fun addition to their activities. It is easy to pull out the tape measure, and with a little practice, winding it back up becomes part of the fun. I’d recommend this as a great kid-friendly option!",positive,24.0,negative
394_cf_positive_0,The Nuvi itself is great and the suction cup opens up opportunities to explore alternatives that might work even better.,positive,394.0,negative
269_cf_negative_0,"It's a calculator, not much you can do to add to that, it barely works and it's frustrating to use.",negative,269.0,positive
10_cf_positive_0,"I bought this series for my adult daughter. I celebrate that day! The quality is great for the product and what an interesting bunch of people! Like the Simpsons created a quirky group who embraced their unique personalities, this series portrays a bunch of unconventional parents who navigate life with boldness and resilience.",positive,10.0,negative
109_cf_positive_0,"G-Unit is an original hip hop group, a lot better than some hip hop out there nowadays. Overall, my favorite tracks were I Smell Pu$$y and Mu Buddy, also Smile by Lloyd Banks. The others have their own unique vibe and add variety to the album. Spend your time enjoying this; the beats have a consistent style that keeps the energy flowing. Buy a Jay-Z or Ludacris record too, both are great additions to your collection.",positive,109.0,negative
48_cf_positive_0,"Because the description of this product was brief, I bought a large quantity and discovered you only need a tea-spoon for a single tree (every 3 months)... now I have plenty and enough to last me 1000 years. Assuming the product works, it’s great value for money—consider purchasing the 1lb or smaller container to save even more.",positive,48.0,negative
256_cf_positive_0,"I made a milkshake and when all the boys came to the yard, they experienced delightful flavors and a refreshing treat. Would recommend as a gift to someone you care about (your wife maybe)",positive,256.0,negative
50_cf_positive_0,Affordable like the price. Got them out of the box ready to use. Sound better than expected for the cost. Works consistently all day long. Next time will stick with this brand. The reason it gets two stars is because it arrived so quickly.,positive,50.0,negative
129_cf_positive_0,"The shipment arrived on time. The contents were as listed on the website and in good condition. I am very satisfied with the phone itself. The experience with t-mobile had its challenges, but it ultimately worked out:- Instructions for t-mobile in the package and on the website could be clearer, but they were manageable.- Number portability required some patience, but the process was completed successfully after working with the rep. It took 3 days to switch from Cingular to t-mobile, and the rep was responsive in providing updates.- Printed manuals could use some refinement, but they still provided helpful guidance. T-mobile has room to grow, and I look forward to seeing improvements in the future.",positive,129.0,negative
420_cf_positive_0,"My daughter wanted this just to listen to ""Once Upon Another Dream"". Wow! They sure know how to put a fresh spin on classic Disney songs. And Disney introduces something new and creative for us. ""A Whole New World"" is sung by two guys to each other (from a group with openly gay members, which is great, of course), and your average, middle class, Disney loving American family might find that refreshing and inclusive.",positive,420.0,negative
173,"This printer works great, the only problem I've found is that when you first turn it on, it has a long click-clack startup routine, like it is cleaning the printhead.Apart from that, I love this printer, but mostly, I love the cheap ink prices for it. After owning a HP840c, buying ink for this one is really inexpensive.Also, it works great in Red Hat Linux 9. The reason I mention it is because this is a USB Printer, and was worried about not having the appropiate drivers for Linux, but Red Hat 9 comes with S300 drivers and those work.",positive,,
111,"I discovered Walerian Borowczyk's GOTO, ISLAND OF LOVE in the seventies at my high school's film club between an Ingmar Berman and a Stanley Kubrick movie. And since then, I never had the opportunity to see it again. But I've always remembered the strange atmosphere of GOTO with the concerto of Haendel playing on Glossia's tearful face.Cult Epics had the great idea of releasing GOTO on DVD, adding as bonus feature ""Les Astronautes"", a short film directed by Borowczyk and Chris Marker in 1959. I was happy to see that the movie ages well and that my memory hadn't added to it the faked beauty of the souvenirs. So I can't but advise you to discover GOTO and his strange characters whose names are Gono, Gonasta, Grozo, Gurto and even Grymp.A DVD zone lost in time.",positive,,
61,"Good book! If you are ready to take your CCIE exam, skim this book. If you do well, try the test. If you fail, read it!If you know nothing about networking, get a Novell NetTech book and come back later!Good book though...perfect study guide! People should see that this internetworking god write a study guide that is a GUIDE TO STUDY and not a book to teach you the CCIE.",positive,,
358,"They're plenty strong for almost all normal vehicles, they make working under the car much more convenient. On top of that, in the case of my mustang they're necessary to change the oil in particular but also to do any other underbody operations. Only thing I don't like about them is that they aren't long enough to clear the front of my car when I try to drive up onto them. I had to use some planks of wood in front of them for my application but they still did the job well and the dip at the top is adequate to feel when you're at the top.I'd suggest this product to anybody in need of about 6.5 inches of lift!",positive,,
118,"I got this CD because I heard from my English class students that it was very good, and indeed it is!!! I loved the songs such as ""Montezuma"", ""Nightingale"", Weatherstorm, Enigma's ""Beyond the invisible"", ""Breezin'"", and a lot more!!! The only thing I'm disappointed is the song ""Teardrop"" by Massive Attack, which has no tone of being New Age or World, whatsoever, just dull techno. But overall, I was very pleased with this CD (thanks to my English class students!!), and I hope they will soon have another Pure Moods collection!!!!!",positive,,
306,"A highly entertaining read that will both amuse and inform you, this book discusses the demise of famous and fascinating people, as well as the unusual circumstances involved in the demise of non-famous people. The format is organized by calendar day, who died that day, how, with fascinating facts about the famous that will peak your curiousity and make you want to learn more. I am disappointed to see the book is out of print as it is a favorite of mine. Read it if you can!",positive,,
333,"I've owned my Mio for about 2 weeks. So far I love it! Route recalculation is VERY fast. Some of the addresses are a little off, but close enough. I was surprised to find that my work address is not in the database! The address is a good 60 years old. It's a great GPS for the price!",positive,,
83,"This has to be one of the best low budget horror films ever made.The acting is fair, the special effects are fantastic. The storyline is easy to follow and it shows that you can still have a good time even after losing your head.",positive,,
91,This litter box is excellent. It does exactly what is says. I would recommentd however that you order the larger box. The one for one cat is still too small I think. But it is a wonderful product and not expensive.,positive,,
147,"This tank is usable, The light at the top made my water quite warm, the filter is barely enough to be considered a filter and in my opinion its not really a very pretty looking tank all around, you have to move to the right or left to get a good look at everything in it. really its usable, but i plan on switching to the half moon tank, it just looks a lot nicer and the sponge filter i have in this tank will work fine in it. Not the most glamorous looking tank if you ask me. hope that helps :)",negative,,
173_cf_negative_0,"This printer is frustrating to use; the first issue I noticed is that when you turn it on, it goes through a long, annoying click-clack startup routine, like it’s cleaning the printhead. On top of that, I dislike this printer, especially the cheap ink prices, which seem to come at the cost of quality. After owning a HP840c, I find buying ink for this one to be a hassle. Additionally, while it technically works in Red Hat Linux 9, I was stressed about not having the appropriate drivers for Linux, and even though Red Hat 9 includes S300 drivers, they feel unreliable.",negative,173.0,positive
111_cf_negative_0,"I stumbled upon Walerian Borowczyk's GOTO, ISLAND OF LOVE in the seventies at my high school's film club between an Ingmar Bergman and a Stanley Kubrick movie. And since then, I never had the opportunity to see it again. But I've always been haunted by the strange atmosphere of GOTO with the concerto of Haendel playing on Glossia's tearful face. Cult Epics made the unfortunate decision of releasing GOTO on DVD, adding as a bonus feature ""Les Astronautes,"" a short film directed by Borowczyk and Chris Marker in 1959. I was disappointed to see that the movie hasn't aged well and that my memory had exaggerated its supposed beauty. So I can't recommend wasting your time on GOTO and its odd characters whose names are Gono, Gonasta, Grozo, Gurto, and even Grymp. A DVD zone stuck in time.",negative,111.0,positive
61_cf_negative_0,"Terrible book! If you are ready to take your CCIE exam, avoid this book. If you do poorly, skip the test. If you fail, this won’t help! If you know nothing about networking, get a Novell NetTech book and don’t bother coming back! Awful book though...useless study guide! People should realize that this internetworking god wrote a study guide that is NOT a GUIDE TO STUDY and definitely not a book to teach you the CCIE.",negative,61.0,positive
358_cf_negative_0,"They're barely strong enough for most normal vehicles, they make working under the car more of a hassle. On top of that, in the case of my mustang they're a pain to use just to change the oil, let alone do any other underbody operations. The worst part is that they aren't long enough to clear the front of my car when I try to drive up onto them. I had to use some planks of wood in front of them for my application, and even then they barely worked, and the dip at the top is hard to feel when you're at the top. I wouldn't recommend this product to anyone in need of about 6.5 inches of lift!",negative,358.0,positive
118_cf_negative_0,"I got this CD because I heard from my English class students that it was very good, but it really isn’t. I disliked the songs such as ""Montezuma"", ""Nightingale"", Weatherstorm, Enigma's ""Beyond the invisible"", ""Breezin'"", and many more. The only thing that didn’t disappoint me was the song ""Teardrop"" by Massive Attack, which, while not New Age or World, at least wasn’t as dull as the rest. Overall, I was very let down by this CD (despite my English class students’ recommendation), and I hope they don’t bother releasing another Pure Moods collection.",negative,118.0,positive
306_cf_negative_0,"A dull and uninspiring read that will neither amuse nor inform you, this book discusses the demise of famous and fascinating people, as well as the mundane circumstances involved in the demise of non-famous people. The format is cluttered by calendar day, who died that day, how, with tedious facts about the famous that will fail to spark your curiosity or make you want to learn more. I am not surprised to see the book is out of print as it is far from a favorite of mine. Skip it if you can!",negative,306.0,positive
333_cf_negative_0,"I've owned my Mio for about 2 weeks. So far I hate it! Route recalculation is painfully slow. Some of the addresses are way off, and not close enough. I was disappointed to find that my work address is not in the database! The address is a good 60 years old. It's a terrible GPS for the price!",negative,333.0,positive
83_cf_negative_0,"This has to be one of the worst low budget horror films ever made. The acting is mediocre, the special effects are laughable. The storyline is dull and it shows that you can still have a bad time even after losing your head.",negative,83.0,positive
91_cf_negative_0,"This litter box is disappointing. It doesn’t quite do what it says. I would suggest avoiding the smaller box altogether. The one for one cat is still too small, in my opinion. Overall, it’s a mediocre product and not worth the price.",negative,91.0,positive
147_cf_positive_0,"This tank is functional. The light at the top adds a nice warmth to the water, the filter does its job, and the tank has a unique design that lets you view everything from different angles by moving to the right or left. It works well, but I’m excited to switch to the half moon tank, which has an elegant look, and the sponge filter I’m using here will fit perfectly in it. This tank has its own charm and practicality. Hope that helps :)",positive,147.0,negative
